,geo_accession,sample_id,total_counts,n_genes_by_counts,pct_counts_mt,doublet_score,predicted_doublet,fail_low_genes,fail_high_genes,fail_high_mt,fail_basic_qc,fail_doublet
GSM8848584_AAACTGGGTGCTGCACACAGACCT-1,GSM8848584,MH_07-042-M2,656.0,359,3.8109757006168365,0.013083508318526896,False,True,False,False,True,False
GSM8848584_AAAGGCAAGGTCACTCACAGACCT-1,GSM8848584,MH_07-042-M2,483.0,396,7.453416287899017,0.09739368998628255,False,True,False,False,True,False
GSM8848584_AACACTAAGACTGAGTACAGACCT-1,GSM8848584,MH_07-042-M2,557.0,487,1.9748654216527939,0.033644859813084106,False,True,False,False,True,False
GSM8848584_AACCATTTCCTCAATGACAGACCT-1,GSM8848584,MH_07-042-M2,2936.0,1145,29.39373254776001,0.04729729729729731,False,False,False,True,True,False
GSM8848584_AACTAAGTCCAGAACGACAGACCT-1,GSM8848584,MH_07-042-M2,548.0,442,5.1094889640808105,0.007703281027104138,False,True,False,False,True,False
GSM8848584_AAGGCCCAGGGATGAAACAGACCT-1,GSM8848584,MH_07-042-M2,7996.0,2696,21.410705149173737,0.07494322482967447,False,False,False,True,True,False
GSM8848584_AAGGTTGGTGGACCCTACAGACCT-1,GSM8848584,MH_07-042-M2,77465.0,9508,4.106370732188225,0.04156862745098039,False,False,True,False,True,False
GSM8848584_AAGTACCAGTTTACCGACAGACCT-1,GSM8848584,MH_07-042-M2,15167.0,4996,23.97969216108322,0.16244002741603836,False,False,False,True,True,False
GSM8848584_AAGTTCGCATTGCCCAACAGACCT-1,GSM8848584,MH_07-042-M2,869.0,442,2.416570857167244,0.011138613861386138,False,True,False,False,True,False
GSM8848584_AAGTTGTCAAACCGTAACAGACCT-1,GSM8848584,MH_07-042-M2,559.0,455,8.407871425151825,0.015960185344087868,False,True,False,False,True,False
GSM8848584_AATAGCATCGTCAACCACAGACCT-1,GSM8848584,MH_07-042-M2,547.0,401,3.8391225039958954,0.027243928194297787,False,True,False,False,True,False
GSM8848584_AATGACCAGCTCAACCACAGACCT-1,GSM8848584,MH_07-042-M2,688.0,476,7.5581394135952,0.04729729729729731,False,True,False,False,True,False
GSM8848584_ACAAGGCGTCCGCTAAACAGACCT-1,GSM8848584,MH_07-042-M2,73863.0,10239,6.67993426322937,0.14076782449725783,False,False,True,False,True,False
GSM8848584_ACAAGGCGTTTGCAACACAGACCT-1,GSM8848584,MH_07-042-M2,746.0,482,2.278820425271988,0.015207840486650895,False,True,False,False,True,False
GSM8848584_ACAATGTCAACTTGTCACAGACCT-1,GSM8848584,MH_07-042-M2,15953.0,5079,25.575128197669983,0.07494322482967447,False,False,False,True,True,False
GSM8848584_ACAATGTCAATTAGCGACAGACCT-1,GSM8848584,MH_07-042-M2,648.0,407,7.561728358268738,0.03818317943598702,False,True,False,False,True,False
GSM8848584_ACAATTGAGGGTTATAACAGACCT-1,GSM8848584,MH_07-042-M2,62271.0,9695,6.267765164375305,0.04729729729729731,False,False,True,False,True,False
GSM8848584_ACACCTTCAAGTTGGCACAGACCT-1,GSM8848584,MH_07-042-M2,516.0,436,7.170542329549789,0.03225806451612904,False,True,False,False,True,False
GSM8848584_ACAGCGGGTAGCCACCACAGACCT-1,GSM8848584,MH_07-042-M2,6229.0,2371,30.663028359413147,0.01753764393268379,False,False,False,True,True,False
GSM8848584_ACATTACTCCTTTCTAACAGACCT-1,GSM8848584,MH_07-042-M2,5712.0,2564,20.518207550048828,0.033644859813084106,False,False,False,True,True,False
GSM8848584_ACCACAACACCACAAAACAGACCT-1,GSM8848584,MH_07-042-M2,523.0,357,12.428298592567444,0.087378640776699,False,True,False,False,True,False
GSM8848584_ACCACGTTCAATACAGACAGACCT-1,GSM8848584,MH_07-042-M2,1090.0,440,1.9266055896878242,0.011138613861386138,False,True,False,False,True,False
GSM8848584_ACCCTCACATTGCGCCACAGACCT-1,GSM8848584,MH_07-042-M2,9353.0,3730,21.92879319190979,0.07135016465422613,False,False,False,True,True,False
GSM8848584_ACCCTTCGTTGGGTTTACAGACCT-1,GSM8848584,MH_07-042-M2,515.0,422,5.825242772698402,0.05397987191216834,False,True,False,False,True,False
GSM8848584_ACCGTTATCGAACGTGACAGACCT-1,GSM8848584,MH_07-042-M2,17134.0,5098,25.236371159553528,0.04940768563998844,False,False,False,True,True,False
GSM8848584_ACCTCCCTCCATTAGTACAGACCT-1,GSM8848584,MH_07-042-M2,512.0,210,0.9765625,0.011138613861386138,False,True,False,False,True,False
GSM8848584_ACCTTTACAAGTGCACACAGACCT-1,GSM8848584,MH_07-042-M2,548.0,444,5.839416012167931,0.009930785434848028,False,True,False,False,True,False
GSM8848584_ACCTTTACACATAGTGACAGACCT-1,GSM8848584,MH_07-042-M2,503.0,394,6.5606363117694855,0.021965317919075147,False,True,False,False,True,False
GSM8848584_ACGCCTAGTTAGGCTTACAGACCT-1,GSM8848584,MH_07-042-M2,5079.0,2154,30.71470856666565,0.033644859813084106,False,False,False,True,True,False
GSM8848584_ACTAGTCGTAACCCATACAGACCT-1,GSM8848584,MH_07-042-M2,743.0,356,1.211305521428585,0.020104244229337306,False,True,False,False,True,False
GSM8848584_ACTTCAAGTAAACCCTACAGACCT-1,GSM8848584,MH_07-042-M2,589.0,447,8.14940556883812,0.051632047477744816,False,True,False,False,True,False
GSM8848584_ACTTCCCGTGGCCCATACAGACCT-1,GSM8848584,MH_07-042-M2,740.0,418,6.216216087341309,0.027243928194297787,False,True,False,False,True,False
GSM8848584_ACTTGCTCAAGCGATCACAGACCT-1,GSM8848584,MH_07-042-M2,609.0,478,3.9408866316080093,0.06798866855524079,False,True,False,False,True,False
GSM8848584_AGAAAGGTCAAGCTCCACAGACCT-1,GSM8848584,MH_07-042-M2,230934.0,11599,7.22803920507431,0.08292682926829267,False,False,True,False,True,False
GSM8848584_AGAGGAGGTTAATGCCACAGACCT-1,GSM8848584,MH_07-042-M2,4015.0,1745,38.5554164648056,0.05646173149309911,False,False,False,True,True,False
GSM8848584_AGCATCCTCCTTATGGACAGACCT-1,GSM8848584,MH_07-042-M2,493.0,398,11.764705926179886,0.015960185344087868,False,True,False,False,True,False
GSM8848584_AGCCTTCAGCCAAACGACAGACCT-1,GSM8848584,MH_07-042-M2,6032.0,2884,20.573607087135315,0.04338510980182111,False,False,False,True,True,False
GSM8848584_AGCGCGAGTACCGCACACAGACCT-1,GSM8848584,MH_07-042-M2,56168.0,10122,4.949437454342842,0.1509677419354839,False,False,True,False,True,False
GSM8848584_AGCTAAATCAATCCTGACAGACCT-1,GSM8848584,MH_07-042-M2,523.0,295,2.4856597185134888,0.009351343327890753,False,True,False,False,True,False
GSM8848584_AGCTAAATCTTGAAAGACAGACCT-1,GSM8848584,MH_07-042-M2,574.0,468,4.529616609215736,0.07135016465422613,False,True,False,False,True,False
GSM8848584_AGGTTCGAGCGATAACACAGACCT-1,GSM8848584,MH_07-042-M2,487.0,380,3.901437297463417,0.06798866855524079,False,True,False,False,True,False
GSM8848584_AGGTTCTGTATTCGGTACAGACCT-1,GSM8848584,MH_07-042-M2,504.0,453,3.17460335791111,0.03660322108345534,False,True,False,False,True,False
GSM8848584_AGGTTCTGTTGGGTTTACAGACCT-1,GSM8848584,MH_07-042-M2,526.0,427,4.182509332895279,0.012416427889207259,False,True,False,False,True,False
GSM8848584_AGTGGATTCATTGAGAACAGACCT-1,GSM8848584,MH_07-042-M2,14269.0,4331,26.771321892738342,0.087378640776699,False,False,False,True,True,False
GSM8848584_AGTGGCGGTATTGACCACAGACCT-1,GSM8848584,MH_07-042-M2,85299.0,10122,3.0903058126568794,0.04940768563998844,False,False,True,False,True,False
GSM8848584_AGTTACGCATTGTACCACAGACCT-1,GSM8848584,MH_07-042-M2,69837.0,10296,2.4313759058713913,0.04529234147680483,False,False,True,False,True,False
GSM8848584_AGTTGCCTCCTCAATGACAGACCT-1,GSM8848584,MH_07-042-M2,524.0,439,7.442747801542282,0.09218612818261633,False,True,False,False,True,False
GSM8848584_ATACCCGGTTCTTACTACAGACCT-1,GSM8848584,MH_07-042-M2,570.0,489,4.561403393745422,0.04338510980182111,False,True,False,False,True,False
GSM8848584_ATACCTTAGGTTGTAAACAGACCT-1,GSM8848584,MH_07-042-M2,13520.0,4702,21.937869489192963,0.059089441394898266,False,False,False,True,True,False
GSM8848584_ATAGGCTAGACTAATGACAGACCT-1,GSM8848584,MH_07-042-M2,811.0,257,7.644882798194885,0.07135016465422613,False,True,False,False,True,False
GSM8848584_ATCGCTCAGGTTATCTACAGACCT-1,GSM8848584,MH_07-042-M2,562.0,476,6.761565804481506,0.16244002741603836,False,True,False,False,True,False
GSM8848584_ATCGTGACAGCTCGAGACAGACCT-1,GSM8848584,MH_07-042-M2,504.0,435,2.777777798473835,0.03818317943598702,False,True,False,False,True,False
GSM8848584_ATCGTGCTCCTCACGGACAGACCT-1,GSM8848584,MH_07-042-M2,608.0,494,1.6447369009256363,0.04529234147680483,False,True,False,False,True,False
GSM8848584_ATCGTTAGTTTGAGCTACAGACCT-1,GSM8848584,MH_07-042-M2,647.0,473,12.519319355487823,0.10305343511450382,False,True,False,False,True,False
GSM8848584_ATGAAAGCAGTAATACACAGACCT-1,GSM8848584,MH_07-042-M2,495.0,232,19.393938779830933,0.11598746081504703,False,True,False,False,True,False
GSM8848584_ATGCCTATCCTAAAGAACAGACCT-1,GSM8848584,MH_07-042-M2,626.0,484,4.632587730884552,0.04338510980182111,False,True,False,False,True,False
GSM8848584_ATGCCTATCCTGGATCACAGACCT-1,GSM8848584,MH_07-042-M2,615.0,358,0.650406489148736,0.012416427889207259,False,True,False,False,True,False
GSM8848584_ATGCGCAAGGTAATGCACAGACCT-1,GSM8848584,MH_07-042-M2,587.0,478,10.56218072772026,0.05397987191216834,False,True,False,False,True,False
GSM8848584_ATGGTGAGTACTTACAACAGACCT-1,GSM8848584,MH_07-042-M2,624.0,360,6.25,0.06187624750499001,False,True,False,False,True,False
GSM8848584_ATTGACCGTGACACAAACAGACCT-1,GSM8848584,MH_07-042-M2,681.0,369,8.076358586549759,0.023961661341853034,False,True,False,False,True,False
GSM8848584_ATTGAGCAGAGGATGAACAGACCT-1,GSM8848584,MH_07-042-M2,536.0,442,5.223880708217621,0.019220208676551345,False,True,False,False,True,False
GSM8848584_ATTGCACGTTTCCTGCACAGACCT-1,GSM8848584,MH_07-042-M2,7423.0,2643,27.45520770549774,0.03509190737646217,False,False,False,True,True,False
GSM8848584_ATTGCCTCATCTATCAACAGACCT-1,GSM8848584,MH_07-042-M2,550.0,437,8.54545459151268,0.039836567926455554,False,True,False,False,True,False
GSM8848584_ATTGCGACAACTTCGTACAGACCT-1,GSM8848584,MH_07-042-M2,83495.0,10631,4.1212048381567,0.059089441394898266,False,False,True,False,True,False
GSM8848584_ATTGGCTGTGCGCATCACAGACCT-1,GSM8848584,MH_07-042-M2,557.0,471,4.847396910190582,0.026108578532946538,False,True,False,False,True,False
GSM8848584_ATTTAGGAGAAGGTCTACAGACCT-1,GSM8848584,MH_07-042-M2,509.0,427,1.3752455823123455,0.021965317919075147,False,True,False,False,True,False
GSM8848584_ATTTCCTGTCTAACCGACAGACCT-1,GSM8848584,MH_07-042-M2,598.0,313,5.518394708633423,0.02965077970568856,False,True,False,False,True,False
GSM8848584_CAAACTTTCGTTAGGGACAGACCT-1,GSM8848584,MH_07-042-M2,511.0,375,7.827788591384888,0.06483704974271012,False,True,False,False,True,False
GSM8848584_CAAATCAAGCCATAAAACAGACCT-1,GSM8848584,MH_07-042-M2,822.0,467,5.839416012167931,0.014478282576135796,False,True,False,False,True,False
GSM8848584_CAAGTCGAGCTCCCTCACAGACCT-1,GSM8848584,MH_07-042-M2,545.0,443,4.403669759631157,0.011768397928761965,False,True,False,False,True,False
GSM8848584_CAAGTCGAGTCTAATCACAGACCT-1,GSM8848584,MH_07-042-M2,636.0,491,3.4591194242239,0.03818317943598702,False,True,False,False,True,False
GSM8848584_CAATCCATCTTACTCCACAGACCT-1,GSM8848584,MH_07-042-M2,636.0,417,7.232704758644104,0.021965317919075147,False,True,False,False,True,False
GSM8848584_CAATCGCTCGTAAAGCACAGACCT-1,GSM8848584,MH_07-042-M2,601.0,486,2.662229537963867,0.007182087029995775,False,True,False,False,True,False
GSM8848584_CACAAAGGTCATTACAACAGACCT-1,GSM8848584,MH_07-042-M2,553.0,242,0.5424954928457737,0.009930785434848028,False,True,False,False,True,False
GSM8848584_CACAAGCCAATCGTGAACAGACCT-1,GSM8848584,MH_07-042-M2,561.0,469,5.169340595602989,0.03509190737646217,False,True,False,False,True,False
GSM8848584_CACAAGCCAGCAAGCTACAGACCT-1,GSM8848584,MH_07-042-M2,496.0,419,5.2419353276491165,0.08292682926829267,False,True,False,False,True,False
GSM8848584_CACTAACGTCCTCACTACAGACCT-1,GSM8848584,MH_07-042-M2,7034.0,2905,29.655957221984863,0.05397987191216834,False,False,False,True,True,False
GSM8848584_CACTTTACATGCAATGACAGACCT-1,GSM8848584,MH_07-042-M2,522.0,421,9.961685538291931,0.06483704974271012,False,True,False,False,True,False
GSM8848584_CAGACCAAGAGGCGGAACAGACCT-1,GSM8848584,MH_07-042-M2,557.0,406,4.667863622307777,0.05397987191216834,False,True,False,False,True,False
GSM8848584_CAGGATAGTTTGTGACACAGACCT-1,GSM8848584,MH_07-042-M2,479.0,347,13.152401149272919,0.016736401673640166,False,True,False,False,True,False
GSM8848584_CAGGTATAGCGAGCTAACAGACCT-1,GSM8848584,MH_07-042-M2,641.0,321,4.056162387132645,0.020104244229337306,False,True,False,False,True,False
GSM8848584_CAGTGAGTCTGCCATAACAGACCT-1,GSM8848584,MH_07-042-M2,89494.0,10633,6.363555043935776,0.06798866855524079,False,False,True,False,True,False
GSM8848584_CATAGGGTCTTAAGCTACAGACCT-1,GSM8848584,MH_07-042-M2,541.0,449,3.696857765316963,0.011768397928761965,False,True,False,False,True,False
GSM8848584_CATATTCAGCCTAGTCACAGACCT-1,GSM8848584,MH_07-042-M2,532.0,428,3.195488825440407,0.06483704974271012,False,True,False,False,True,False
GSM8848584_CATATTGGTAATGTCCACAGACCT-1,GSM8848584,MH_07-042-M2,6242.0,2936,21.24319076538086,0.06483704974271012,False,False,False,True,True,False
GSM8848584_CATCATGTCCGGCTCAACAGACCT-1,GSM8848584,MH_07-042-M2,76701.0,10264,4.307636246085167,0.059089441394898266,False,False,True,False,True,False
GSM8848584_CATCCTGCATGGGTTAACAGACCT-1,GSM8848584,MH_07-042-M2,7496.0,3177,23.279082775115967,0.07494322482967447,False,False,False,True,True,False
GSM8848584_CATGCTCAGTTTGACTACAGACCT-1,GSM8848584,MH_07-042-M2,15948.0,5419,21.055932343006134,0.31386861313868636,False,False,False,True,True,False
GSM8848584_CATGCTTCAATTGAACACAGACCT-1,GSM8848584,MH_07-042-M2,491.0,407,4.887983575463295,0.07879263034104274,False,True,False,False,True,False
GSM8848584_CATGGTTGTCAAACTCACAGACCT-1,GSM8848584,MH_07-042-M2,518.0,362,4.633204638957977,0.026108578532946538,False,True,False,False,True,False
GSM8848584_CCAATACGTCATTATGACAGACCT-1,GSM8848584,MH_07-042-M2,666.0,306,1.2012012302875519,0.013083508318526896,False,True,False,False,True,False
GSM8848584_CCATTAGTCGATATAGACAGACCT-1,GSM8848584,MH_07-042-M2,73337.0,10605,5.0888363271951675,0.09218612818261633,False,False,True,False,True,False
GSM8848584_CCCATAATCATTTAGCACAGACCT-1,GSM8848584,MH_07-042-M2,501.0,411,8.383233845233917,0.10922693266832915,False,True,False,False,True,False
GSM8848584_CCCATCACAGGTATATACAGACCT-1,GSM8848584,MH_07-042-M2,597.0,465,8.542713522911072,0.10922693266832915,False,True,False,False,True,False
GSM8848584_CCCATCCTCGACTCACACAGACCT-1,GSM8848584,MH_07-042-M2,91499.0,10113,2.565055340528488,0.04156862745098039,False,False,True,False,True,False
GSM8848584_CCCATTAAGGATTAGCACAGACCT-1,GSM8848584,MH_07-042-M2,503.0,429,5.168985947966576,0.02965077970568856,False,True,False,False,True,False
GSM8848584_CCCATTAAGGTTCATTACAGACCT-1,GSM8848584,MH_07-042-M2,73178.0,10096,2.4898193776607513,0.051632047477744816,False,False,True,False,True,False
GSM8848584_CCCGCAATCTCACCTTACAGACCT-1,GSM8848584,MH_07-042-M2,485.0,373,1.8556701019406319,0.011768397928761965,False,True,False,False,True,False
GSM8848584_CCTATGGGTTGCCTGAACAGACCT-1,GSM8848584,MH_07-042-M2,8269.0,3179,26.073285937309265,0.09739368998628255,False,False,False,True,True,False
GSM8848584_CCTCAAATCATCGATTACAGACCT-1,GSM8848584,MH_07-042-M2,663.0,244,3.6199096590280533,0.020104244229337306,False,True,False,False,True,False
GSM8848584_CCTCACACAAATACCGACAGACCT-1,GSM8848584,MH_07-042-M2,5364.0,2612,22.35272228717804,0.08292682926829267,False,False,False,True,True,False
GSM8848584_CCTTATGAGACAAGCTACAGACCT-1,GSM8848584,MH_07-042-M2,642.0,470,7.476635277271271,0.05646173149309911,False,True,False,False,True,False
GSM8848584_CCTTGAATCTTCGCCCACAGACCT-1,GSM8848584,MH_07-042-M2,70618.0,9959,2.8165623545646667,0.059089441394898266,False,False,True,False,True,False
GSM8848584_CGAAGGTGTGTTTCGGACAGACCT-1,GSM8848584,MH_07-042-M2,702.0,404,1.566951535642147,0.011768397928761965,False,True,False,False,True,False
GSM8848584_CGACAAAGTCCTTCGTACAGACCT-1,GSM8848584,MH_07-042-M2,518.0,439,7.915057986974716,0.12342292923752053,False,True,False,False,True,False
GSM8848584_CGACACAAGAGCCGGTACAGACCT-1,GSM8848584,MH_07-042-M2,4088.0,1984,21.722114086151123,0.022945675622671115,False,False,False,True,True,False
GSM8848584_CGATGTTGTCGTAAAGACAGACCT-1,GSM8848584,MH_07-042-M2,59762.0,10064,5.721026659011841,0.13163972286374134,False,False,True,False,True,False
GSM8848584_CGCAATTGTCGTCCAAACAGACCT-1,GSM8848584,MH_07-042-M2,598.0,462,2.1739130839705467,0.04338510980182111,False,True,False,False,True,False
GSM8848584_CGCAGCACATCAGGACACAGACCT-1,GSM8848584,MH_07-042-M2,863.0,356,1.8539976328611374,0.012416427889207259,False,True,False,False,True,False
GSM8848584_CGCATTATCTGTGCACACAGACCT-1,GSM8848584,MH_07-042-M2,535.0,433,1.8691588193178177,0.022945675622671115,False,True,False,False,True,False
GSM8848584_CGCATTTCAGAATGAAACAGACCT-1,GSM8848584,MH_07-042-M2,623.0,435,7.223113626241684,0.028423772609819122,False,True,False,False,True,False
GSM8848584_CGCGATAAGTCTACCAACAGACCT-1,GSM8848584,MH_07-042-M2,591.0,470,7.952622324228287,0.06483704974271012,False,True,False,False,True,False
GSM8848584_CGCTACGTCGGTTATTACAGACCT-1,GSM8848584,MH_07-042-M2,9925.0,3730,31.23425841331482,0.07879263034104274,False,False,False,True,True,False
GSM8848584_CGCTATATCCGCCCAAACAGACCT-1,GSM8848584,MH_07-042-M2,576.0,470,3.47222238779068,0.2509960159362548,False,True,False,False,True,False
GSM8848584_CGCTTTAAGCTGATTTACAGACCT-1,GSM8848584,MH_07-042-M2,3509.0,1746,27.500712871551514,0.07879263034104274,False,False,False,True,True,False
GSM8848584_CGGGCTACAGCAAGCTACAGACCT-1,GSM8848584,MH_07-042-M2,623.0,487,9.47030484676361,0.011138613861386138,False,True,False,False,True,False
GSM8848584_CGGGTTGCATTGCGCCACAGACCT-1,GSM8848584,MH_07-042-M2,80559.0,11077,3.0126987025141716,0.1509677419354839,False,False,True,False,True,False
GSM8848584_CGGTATTGTATGGTAGACAGACCT-1,GSM8848584,MH_07-042-M2,508.0,367,11.023622006177902,0.06483704974271012,False,True,False,False,True,False
GSM8848584_CGGTATTGTGAGAAGGACAGACCT-1,GSM8848584,MH_07-042-M2,502.0,394,5.976095795631409,0.05646173149309911,False,True,False,False,True,False
GSM8848584_CGGTTAGAGTGCCCTGACAGACCT-1,GSM8848584,MH_07-042-M2,504.0,402,3.37301604449749,0.03660322108345534,False,True,False,False,True,False
GSM8848584_CGTAAACAGAGGCGGAACAGACCT-1,GSM8848584,MH_07-042-M2,696.0,491,7.183907926082611,0.026108578532946538,False,True,False,False,True,False
GSM8848584_CGTGCGTGTATTTACGACAGACCT-1,GSM8848584,MH_07-042-M2,711.0,352,1.8284106627106667,0.015207840486650895,False,True,False,False,True,False
GSM8848584_CGTGCTTAGGCAAGTTACAGACCT-1,GSM8848584,MH_07-042-M2,585.0,403,8.547008782625198,0.027243928194297787,False,True,False,False,True,False
GSM8848584_CGTTACTCAAGGCTTAACAGACCT-1,GSM8848584,MH_07-042-M2,81390.0,10692,4.435434192419052,0.16244002741603836,False,False,True,False,True,False
GSM8848584_CTAACCGGTCCAGCACACAGACCT-1,GSM8848584,MH_07-042-M2,512.0,420,4.296875,0.022945675622671115,False,True,False,False,True,False
GSM8848584_CTAAGGCCAACAGATTACAGACCT-1,GSM8848584,MH_07-042-M2,514.0,426,2.529182843863964,0.22739726027397258,False,True,False,False,True,False
GSM8848584_CTAGATGCATCTATGCACAGACCT-1,GSM8848584,MH_07-042-M2,598.0,470,3.8461539894342422,0.051632047477744816,False,True,False,False,True,False
GSM8848584_CTAGCTGGTTGCTGTGACAGACCT-1,GSM8848584,MH_07-042-M2,632.0,494,9.651898592710495,0.039836567926455554,False,True,False,False,True,False
GSM8848584_CTAGGCTTCACTGTCAACAGACCT-1,GSM8848584,MH_07-042-M2,515.0,268,0.582524249330163,0.015960185344087868,False,True,False,False,True,False
GSM8848584_CTCAATAGTATCCGCAACAGACCT-1,GSM8848584,MH_07-042-M2,1084.0,422,19.280442595481873,0.05646173149309911,False,True,False,False,True,False
GSM8848584_CTCGATCAGTCGTTCAACAGACCT-1,GSM8848584,MH_07-042-M2,590.0,465,15.084746479988098,0.07879263034104274,False,True,False,False,True,False
GSM8848584_CTCGCTTGTTGGGCGAACAGACCT-1,GSM8848584,MH_07-042-M2,546.0,458,0.9157509543001652,0.026108578532946538,False,True,False,False,True,False
GSM8848584_CTCTCGACAAGTTTCCACAGACCT-1,GSM8848584,MH_07-042-M2,595.0,473,6.8907566368579865,0.06798866855524079,False,True,False,False,True,False
GSM8848584_CTGAATCGTCGAAGTAACAGACCT-1,GSM8848584,MH_07-042-M2,516.0,393,8.527132123708725,0.04156862745098039,False,True,False,False,True,False
GSM8848584_CTGTGGCGTAAGGCTAACAGACCT-1,GSM8848584,MH_07-042-M2,529.0,427,8.506616204977036,0.04729729729729731,False,True,False,False,True,False
GSM8848584_CTTGAGGAGATTCCCAACAGACCT-1,GSM8848584,MH_07-042-M2,485.0,356,8.865979313850403,0.03509190737646217,False,True,False,False,True,False
GSM8848584_CTTGATTAGTCGCATCACAGACCT-1,GSM8848584,MH_07-042-M2,4886.0,2325,20.54850608110428,0.05646173149309911,False,False,False,True,True,False
GSM8848584_CTTGTGTCACTAACGAACAGACCT-1,GSM8848584,MH_07-042-M2,775.0,486,4.38709668815136,0.011768397928761965,False,True,False,False,True,False
GSM8848584_CTTTAGGTCCAATGAAACAGACCT-1,GSM8848584,MH_07-042-M2,885.0,397,3.2768361270427704,0.015207840486650895,False,True,False,False,True,False
GSM8848584_CTTTAGTAGAGAGCAAACAGACCT-1,GSM8848584,MH_07-042-M2,527.0,394,3.4155596047639847,0.03509190737646217,False,True,False,False,True,False
GSM8848584_CTTTCGTTCCTTATGGACAGACCT-1,GSM8848584,MH_07-042-M2,549.0,471,6.010929122567177,0.09739368998628255,False,True,False,False,True,False
GSM8848584_GAACAGGCATTTCGCGACAGACCT-1,GSM8848584,MH_07-042-M2,519.0,432,3.2755300402641296,0.033644859813084106,False,True,False,False,True,False
GSM8848584_GAACTTAAGGTGAGGGACAGACCT-1,GSM8848584,MH_07-042-M2,776.0,459,8.24742242693901,0.023961661341853034,False,True,False,False,True,False
GSM8848584_GAAGAATAGTTTGAGAACAGACCT-1,GSM8848584,MH_07-042-M2,544.0,411,5.6985292583703995,0.03660322108345534,False,True,False,False,True,False
GSM8848584_GACATAATCGAGGCACACAGACCT-1,GSM8848584,MH_07-042-M2,547.0,429,3.1078610569238663,0.06483704974271012,False,True,False,False,True,False
GSM8848584_GACGCAATCACACAAAACAGACCT-1,GSM8848584,MH_07-042-M2,616.0,455,2.2727273404598236,0.019220208676551345,False,True,False,False,True,False
GSM8848584_GACGTAAGTTCGAATCACAGACCT-1,GSM8848584,MH_07-042-M2,485.0,390,3.9175257086753845,0.14076782449725783,False,True,False,False,True,False
GSM8848584_GACTGAGTCATTATGCACAGACCT-1,GSM8848584,MH_07-042-M2,623.0,434,7.3836274445056915,0.030927835051546393,False,True,False,False,True,False
GSM8848584_GAGCTATAGCGAAGTTACAGACCT-1,GSM8848584,MH_07-042-M2,4151.0,1774,37.5572144985199,0.11598746081504703,False,False,False,True,True,False
GSM8848584_GATGGAGCAACAGAGGACAGACCT-1,GSM8848584,MH_07-042-M2,609.0,458,3.9408866316080093,0.087378640776699,False,True,False,False,True,False
GSM8848584_GATTGATCATGCCTCAACAGACCT-1,GSM8848584,MH_07-042-M2,534.0,441,3.745318204164505,0.06187624750499001,False,True,False,False,True,False
GSM8848584_GATTGGCCATTGAAGTACAGACCT-1,GSM8848584,MH_07-042-M2,583.0,499,1.3722127303481102,0.023961661341853034,False,True,False,False,True,False
GSM8848584_GATTGTGCAGCTCGAGACAGACCT-1,GSM8848584,MH_07-042-M2,623.0,467,8.18619579076767,0.033644859813084106,False,True,False,False,True,False
GSM8848584_GCAAATATCACCTGTAACAGACCT-1,GSM8848584,MH_07-042-M2,503.0,417,10.337971895933151,0.021965317919075147,False,True,False,False,True,False
GSM8848584_GCAAGAAAGAGGTTCGACAGACCT-1,GSM8848584,MH_07-042-M2,9249.0,3751,25.062167644500732,0.087378640776699,False,False,False,True,True,False
GSM8848584_GCAAGCCAGATGCAACACAGACCT-1,GSM8848584,MH_07-042-M2,647.0,482,7.882534712553024,0.03225806451612904,False,True,False,False,True,False
GSM8848584_GCAAGGTGTCCATAGTACAGACCT-1,GSM8848584,MH_07-042-M2,519.0,409,3.8535647094249725,0.03225806451612904,False,True,False,False,True,False
GSM8848584_GCAGGTTCAGCAATTGACAGACCT-1,GSM8848584,MH_07-042-M2,8459.0,3151,34.070220589637756,0.07135016465422613,False,False,False,True,True,False
GSM8848584_GCAGGTTCATGCGGATACAGACCT-1,GSM8848584,MH_07-042-M2,594.0,494,3.5353533923625946,0.03509190737646217,False,True,False,False,True,False
GSM8848584_GCATCTATCATTTGCGACAGACCT-1,GSM8848584,MH_07-042-M2,500.0,397,4.600000008940697,0.013083508318526896,False,True,False,False,True,False
GSM8848584_GCATGCTTCGGTACGAACAGACCT-1,GSM8848584,MH_07-042-M2,789.0,338,2.15462613850832,0.011138613861386138,False,True,False,False,True,False
GSM8848584_GCATGGATCATAGGCGACAGACCT-1,GSM8848584,MH_07-042-M2,628.0,497,2.866242080926895,0.033644859813084106,False,True,False,False,True,False
GSM8848584_GCATGGATCGCAACGAACAGACCT-1,GSM8848584,MH_07-042-M2,559.0,451,2.3255813866853714,0.12342292923752053,False,True,False,False,True,False
GSM8848584_GCATTTGTCCAACTTGACAGACCT-1,GSM8848584,MH_07-042-M2,489.0,375,9.611451625823975,0.018365142239827152,False,True,False,False,True,False
GSM8848584_GCCAACAAGGCCAACAACAGACCT-1,GSM8848584,MH_07-042-M2,563.0,445,5.506216734647751,0.013083508318526896,False,True,False,False,True,False
GSM8848584_GCCATAACACTCAATCACAGACCT-1,GSM8848584,MH_07-042-M2,560.0,462,2.857142873108387,0.1509677419354839,False,True,False,False,True,False
GSM8848584_GCCATTTCATGCGCAGACAGACCT-1,GSM8848584,MH_07-042-M2,624.0,498,6.25,0.16244002741603836,False,True,False,False,True,False
GSM8848584_GCCCAGTGTTACTCCCACAGACCT-1,GSM8848584,MH_07-042-M2,6500.0,2025,30.553847551345825,0.030927835051546393,False,False,False,True,True,False
GSM8848584_GCCCTTTGTCGAAGGTACAGACCT-1,GSM8848584,MH_07-042-M2,6524.0,2633,27.621090412139893,0.07879263034104274,False,False,False,True,True,False
GSM8848584_GCGATAAGTTAAGTCCACAGACCT-1,GSM8848584,MH_07-042-M2,91038.0,10887,8.8435597717762,0.13163972286374134,False,False,True,False,True,False
GSM8848584_GCGCACACAAGCCAGTACAGACCT-1,GSM8848584,MH_07-042-M2,553.0,426,6.329113990068436,0.039836567926455554,False,True,False,False,True,False
GSM8848584_GCGGTAATCGATTCTGACAGACCT-1,GSM8848584,MH_07-042-M2,6357.0,2494,34.324365854263306,0.07135016465422613,False,False,False,True,True,False
GSM8848584_GCTCGTTAGCTCAACCACAGACCT-1,GSM8848584,MH_07-042-M2,556.0,458,4.1366904973983765,0.033644859813084106,False,True,False,False,True,False
GSM8848584_GCTGATGAGTACCCACACAGACCT-1,GSM8848584,MH_07-042-M2,515.0,432,5.0485435873270035,0.05646173149309911,False,True,False,False,True,False
GSM8848584_GCTGGATCATAGGCGTACAGACCT-1,GSM8848584,MH_07-042-M2,87551.0,10579,3.061072900891304,0.1509677419354839,False,False,True,False,True,False
GSM8848584_GCTGTCAGTGGCTTTGACAGACCT-1,GSM8848584,MH_07-042-M2,52084.0,9595,3.8015514612197876,0.10922693266832915,False,False,True,False,True,False
GSM8848584_GCTTACATCAGGGATTACAGACCT-1,GSM8848584,MH_07-042-M2,545.0,322,4.403669759631157,0.020104244229337306,False,True,False,False,True,False
GSM8848584_GCTTAGCTCAGCGGGTACAGACCT-1,GSM8848584,MH_07-042-M2,62823.0,9693,2.421087771654129,0.059089441394898266,False,False,True,False,True,False
GSM8848584_GCTTCGGTCCGCCCAAACAGACCT-1,GSM8848584,MH_07-042-M2,570.0,495,4.210526496171951,0.03225806451612904,False,True,False,False,True,False
GSM8848584_GGAACCATCCCGTTGGACAGACCT-1,GSM8848584,MH_07-042-M2,498.0,379,1.6064256429672241,0.018365142239827152,False,True,False,False,True,False
GSM8848584_GGAACCGGTTAGTGGAACAGACCT-1,GSM8848584,MH_07-042-M2,78350.0,10629,2.6879386976361275,0.05646173149309911,False,False,True,False,True,False
GSM8848584_GGACCCACAAATATGCACAGACCT-1,GSM8848584,MH_07-042-M2,520.0,431,5.961538478732109,0.051632047477744816,False,True,False,False,True,False
GSM8848584_GGACCTGCAAGCCACGACAGACCT-1,GSM8848584,MH_07-042-M2,642.0,498,7.943925261497498,0.04338510980182111,False,True,False,False,True,False
GSM8848584_GGAGTCTCAGGAGCAAACAGACCT-1,GSM8848584,MH_07-042-M2,5325.0,2225,34.046947956085205,0.10305343511450382,False,False,False,True,True,False
GSM8848584_GGATCCGCAGTGAGGAACAGACCT-1,GSM8848584,MH_07-042-M2,159785.0,11730,7.108927518129349,0.05646173149309911,False,False,True,False,True,False
GSM8848584_GGCAATCCATAGCGCGACAGACCT-1,GSM8848584,MH_07-042-M2,517.0,423,5.802707746624947,0.012416427889207259,False,True,False,False,True,False
GSM8848584_GGCACTAAGCGCGAACACAGACCT-1,GSM8848584,MH_07-042-M2,609.0,471,1.3136289082467556,0.023961661341853034,False,True,False,False,True,False
GSM8848584_GGCCAAATCCATGATTACAGACCT-1,GSM8848584,MH_07-042-M2,512.0,257,3.125,0.026108578532946538,False,True,False,False,True,False
GSM8848584_GGCCTAAAGGCTGGTAACAGACCT-1,GSM8848584,MH_07-042-M2,520.0,417,5.7692307978868484,0.06798866855524079,False,True,False,False,True,False
GSM8848584_GGCGATTCAATGAAGAACAGACCT-1,GSM8848584,MH_07-042-M2,5750.0,2397,35.32173931598663,0.05646173149309911,False,False,False,True,True,False
GSM8848584_GGGATATTCACAATGAACAGACCT-1,GSM8848584,MH_07-042-M2,812.0,389,3.694581240415573,0.010526315789473686,False,True,False,False,True,False
GSM8848584_GGGATGACAGAATCGCACAGACCT-1,GSM8848584,MH_07-042-M2,516.0,436,1.3565891422331333,0.013083508318526896,False,True,False,False,True,False
GSM8848584_GGGATTTAGGTGAGCCACAGACCT-1,GSM8848584,MH_07-042-M2,657.0,488,1.8264839425683022,0.009930785434848028,False,True,False,False,True,False
GSM8848584_GGTACTGAGACTATTCACAGACCT-1,GSM8848584,MH_07-042-M2,593.0,446,1.686340570449829,0.03225806451612904,False,True,False,False,True,False
GSM8848584_GGTCTAACATTGAAGTACAGACCT-1,GSM8848584,MH_07-042-M2,7854.0,3332,26.610645651817322,0.09739368998628255,False,False,False,True,True,False
GSM8848584_GGTGAACGTACCGCACACAGACCT-1,GSM8848584,MH_07-042-M2,701.0,469,5.563480779528618,0.05646173149309911,False,True,False,False,True,False
GSM8848584_GGTGATTAGGTTCATTACAGACCT-1,GSM8848584,MH_07-042-M2,586.0,482,1.8771331757307053,0.023961661341853034,False,True,False,False,True,False
GSM8848584_GGTGCACAGTCACTATACAGACCT-1,GSM8848584,MH_07-042-M2,6654.0,2660,20.22843360900879,0.2509960159362548,False,False,False,True,True,False
GSM8848584_GGTTTGACAATAGCTGACAGACCT-1,GSM8848584,MH_07-042-M2,58519.0,9751,6.553427129983902,0.2509960159362548,False,False,True,False,True,False
GSM8848584_GTAAAGGAGGCTTAGGACAGACCT-1,GSM8848584,MH_07-042-M2,4781.0,1826,43.50554347038269,0.08292682926829267,False,False,False,True,True,False
GSM8848584_GTCACAACAAGCGAAGACAGACCT-1,GSM8848584,MH_07-042-M2,666.0,330,2.5525525212287903,0.015207840486650895,False,True,False,False,True,False
GSM8848584_GTCCAAACAAGGCTTAACAGACCT-1,GSM8848584,MH_07-042-M2,629.0,499,6.677265465259552,0.039836567926455554,False,True,False,False,True,False
GSM8848584_GTCCCTCTCCTTTCGTACAGACCT-1,GSM8848584,MH_07-042-M2,517.0,421,1.3539651408791542,0.06187624750499001,False,True,False,False,True,False
GSM8848584_GTCCCTGAGGCGCAACACAGACCT-1,GSM8848584,MH_07-042-M2,5163.0,2419,24.249467253684998,0.05646173149309911,False,False,False,True,True,False
GSM8848584_GTGAAACTCCTCTAAGACAGACCT-1,GSM8848584,MH_07-042-M2,577.0,411,9.185441583395004,0.03818317943598702,False,True,False,False,True,False
GSM8848584_GTGGATTAGCCATCGTACAGACCT-1,GSM8848584,MH_07-042-M2,10698.0,3901,29.014769196510315,0.087378640776699,False,False,False,True,True,False
GSM8848584_GTGGCGTAGAAGCATCACAGACCT-1,GSM8848584,MH_07-042-M2,557.0,462,7.181328535079956,0.03818317943598702,False,True,False,False,True,False
GSM8848584_GTTAAGGGTGACCTATACAGACCT-1,GSM8848584,MH_07-042-M2,610.0,443,2.1311474964022636,0.04156862745098039,False,True,False,False,True,False
GSM8848584_GTTCGATGTCCTCATCACAGACCT-1,GSM8848584,MH_07-042-M2,660.0,494,1.0606060735881329,0.03660322108345534,False,True,False,False,True,False
GSM8848584_GTTTGGTGTCCAGCTAACAGACCT-1,GSM8848584,MH_07-042-M2,507.0,379,5.5226825177669525,0.06483704974271012,False,True,False,False,True,False
GSM8848584_TAACGCCTCCCTCATTACAGACCT-1,GSM8848584,MH_07-042-M2,619.0,453,9.046849608421326,0.07494322482967447,False,True,False,False,True,False
GSM8848584_TAAGCTAAGAGGAGGTACAGACCT-1,GSM8848584,MH_07-042-M2,826.0,496,6.537530571222305,0.025015253203172667,False,True,False,False,True,False
GSM8848584_TAAGGCTAGAAGCAAGACAGACCT-1,GSM8848584,MH_07-042-M2,480.0,377,7.708333432674408,0.028423772609819122,False,True,False,False,True,False
GSM8848584_TAGCGGATCTAGCCTAACAGACCT-1,GSM8848584,MH_07-042-M2,506.0,436,1.5810277312994003,0.022945675622671115,False,True,False,False,True,False
GSM8848584_TAGGAGGCATGAAGCCACAGACCT-1,GSM8848584,MH_07-042-M2,541.0,352,5.175600573420525,0.023961661341853034,False,True,False,False,True,False
GSM8848584_TAGGCTTGTGCTGATTACAGACCT-1,GSM8848584,MH_07-042-M2,55987.0,10315,8.028649538755417,0.1509677419354839,False,False,True,False,True,False
GSM8848584_TAGGTTCGTTGTGACTACAGACCT-1,GSM8848584,MH_07-042-M2,758.0,97,2.242744155228138,0.05646173149309911,False,True,False,False,True,False
GSM8848584_TAGTCCTCACATAAGTACAGACCT-1,GSM8848584,MH_07-042-M2,576.0,444,4.16666679084301,0.011768397928761965,False,True,False,False,True,False
GSM8848584_TATATCCAGTTTACCGACAGACCT-1,GSM8848584,MH_07-042-M2,1551.0,963,20.696325600147247,0.021018746449536073,False,False,False,True,True,False
GSM8848584_TATCTTGCAAGCGAAGACAGACCT-1,GSM8848584,MH_07-042-M2,576.0,351,3.81944440305233,0.04529234147680483,False,True,False,False,True,False
GSM8848584_TATTACCAGAAACCCGACAGACCT-1,GSM8848584,MH_07-042-M2,683.0,498,5.710102617740631,0.030927835051546393,False,True,False,False,True,False
GSM8848584_TATTGCAGTTGGATAGACAGACCT-1,GSM8848584,MH_07-042-M2,76370.0,10100,3.282702714204788,0.04338510980182111,False,False,True,False,True,False
GSM8848584_TATTGGGCATGAAGCCACAGACCT-1,GSM8848584,MH_07-042-M2,541.0,407,13.123844563961029,0.06187624750499001,False,True,False,False,True,False
GSM8848584_TCAACATTCTGGGAATACAGACCT-1,GSM8848584,MH_07-042-M2,521.0,424,6.333973258733749,0.04156862745098039,False,True,False,False,True,False
GSM8848584_TCAACTAGTTGCTCCTACAGACCT-1,GSM8848584,MH_07-042-M2,536.0,449,5.783582106232643,0.030927835051546393,False,True,False,False,True,False
GSM8848584_TCAAGCGAGAGGATAGACAGACCT-1,GSM8848584,MH_07-042-M2,611.0,469,2.29132566601038,0.025015253203172667,False,True,False,False,True,False
GSM8848584_TCACTTTGTTTGTTTCACAGACCT-1,GSM8848584,MH_07-042-M2,538.0,453,6.505576521158218,0.009930785434848028,False,True,False,False,True,False
GSM8848584_TCATGGTGTCCGGTACACAGACCT-1,GSM8848584,MH_07-042-M2,494.0,432,8.502024412155151,0.05397987191216834,False,True,False,False,True,False
GSM8848584_TCCACCCTCGACTTGCACAGACCT-1,GSM8848584,MH_07-042-M2,5683.0,950,78.90198826789856,0.17543859649122798,False,False,False,True,True,False
GSM8848584_TCCACCCTCGGGATGCACAGACCT-1,GSM8848584,MH_07-042-M2,90242.0,10540,5.3168147802352905,0.10922693266832915,False,False,True,False,True,False
GSM8848584_TCCACTAAGGATGTTAACAGACCT-1,GSM8848584,MH_07-042-M2,605.0,482,4.793388396501541,0.03225806451612904,False,True,False,False,True,False
GSM8848584_TCGCATTCAAGGAATAACAGACCT-1,GSM8848584,MH_07-042-M2,4479.0,2320,21.3887020945549,0.051632047477744816,False,False,False,True,True,False
GSM8848584_TCGTTAAGTTGGTTACACAGACCT-1,GSM8848584,MH_07-042-M2,541.0,466,2.0332716405391693,0.026108578532946538,False,True,False,False,True,False
GSM8848584_TGAAGGAAGTCCTGCGACAGACCT-1,GSM8848584,MH_07-042-M2,509.0,382,10.609037429094315,0.033644859813084106,False,True,False,False,True,False
GSM8848584_TGACATAAGACATAGCACAGACCT-1,GSM8848584,MH_07-042-M2,590.0,417,8.135592937469482,0.025015253203172667,False,True,False,False,True,False
GSM8848584_TGATTACTCCGCACCAACAGACCT-1,GSM8848584,MH_07-042-M2,1847.0,882,21.656741201877594,0.04529234147680483,False,False,False,True,True,False
GSM8848584_TGCACGTTCATGGATAACAGACCT-1,GSM8848584,MH_07-042-M2,594.0,462,5.723905563354492,0.009930785434848028,False,True,False,False,True,False
GSM8848584_TGCCCATAGTGTAATGACAGACCT-1,GSM8848584,MH_07-042-M2,566.0,479,1.9434629008173943,0.014478282576135796,False,True,False,False,True,False
GSM8848584_TGCCGGTGTCATCCTCACAGACCT-1,GSM8848584,MH_07-042-M2,4087.0,1622,42.96550154685974,0.16244002741603836,False,False,False,True,True,False
GSM8848584_TGGCGTGCAACAGCTAACAGACCT-1,GSM8848584,MH_07-042-M2,135127.0,11754,9.582836925983429,0.13163972286374134,False,False,True,False,True,False
GSM8848584_TGGGCGTAGTGATCAAACAGACCT-1,GSM8848584,MH_07-042-M2,582.0,432,5.498281866312027,0.020104244229337306,False,True,False,False,True,False
GSM8848584_TGGTCTATCGATTATCACAGACCT-1,GSM8848584,MH_07-042-M2,592.0,496,4.054053872823715,0.10922693266832915,False,True,False,False,True,False
GSM8848584_TGTCTTGAGGCTGGTAACAGACCT-1,GSM8848584,MH_07-042-M2,556.0,337,3.41726616024971,0.01753764393268379,False,True,False,False,True,False
GSM8848584_TGTTAGTTCAGCCTTAACAGACCT-1,GSM8848584,MH_07-042-M2,594.0,447,11.616161465644836,0.059089441394898266,False,True,False,False,True,False
GSM8848584_TGTTTCGAGATGGATCACAGACCT-1,GSM8848584,MH_07-042-M2,489.0,385,3.8854803889989853,0.04156862745098039,False,True,False,False,True,False
GSM8848584_TTAAGCTTCCCGCTGAACAGACCT-1,GSM8848584,MH_07-042-M2,94022.0,10707,3.2407309859991074,0.05397987191216834,False,False,True,False,True,False
GSM8848584_TTACGGACACCTACTGACAGACCT-1,GSM8848584,MH_07-042-M2,560.0,438,6.25,0.059089441394898266,False,True,False,False,True,False
GSM8848584_TTATAGCTCCGAATTTACAGACCT-1,GSM8848584,MH_07-042-M2,533.0,421,5.628517642617226,0.02965077970568856,False,True,False,False,True,False
GSM8848584_TTATCGCCAGGTGACTACAGACCT-1,GSM8848584,MH_07-042-M2,53661.0,9621,6.3323453068733215,0.10305343511450382,False,False,True,False,True,False
GSM8848584_TTCACTTGTTAGTCTAACAGACCT-1,GSM8848584,MH_07-042-M2,582.0,365,4.467353969812393,0.059089441394898266,False,True,False,False,True,False
GSM8848584_TTCATGAGTCCTGCAAACAGACCT-1,GSM8848584,MH_07-042-M2,494.0,431,6.275303661823273,0.06798866855524079,False,True,False,False,True,False
GSM8848584_TTCCAAAGTGTGACCCACAGACCT-1,GSM8848584,MH_07-042-M2,533.0,421,5.253283306956291,0.009351343327890753,False,True,False,False,True,False
GSM8848584_TTCGATGTCTTCGCTTACAGACCT-1,GSM8848584,MH_07-042-M2,592.0,480,3.2094594091176987,0.023961661341853034,False,True,False,False,True,False
GSM8848584_TTCTAAGGTCAATGTCACAGACCT-1,GSM8848584,MH_07-042-M2,590.0,462,4.576271027326584,0.22739726027397258,False,True,False,False,True,False
GSM8848584_TTCTATCGTAGGTTTCACAGACCT-1,GSM8848584,MH_07-042-M2,891.0,469,5.387205258011818,0.027243928194297787,False,True,False,False,True,False
GSM8848584_TTCTGGCAGGAGGATAACAGACCT-1,GSM8848584,MH_07-042-M2,490.0,314,2.2448979318141937,0.015960185344087868,False,True,False,False,True,False
GSM8848584_TTGACATTCTGGTCTAACAGACCT-1,GSM8848584,MH_07-042-M2,593.0,451,4.384485632181168,0.04729729729729731,False,True,False,False,True,False
GSM8848584_TTGAGGTAGCAAACCGACAGACCT-1,GSM8848584,MH_07-042-M2,597.0,164,2.010050229728222,0.07135016465422613,False,True,False,False,True,False
GSM8848584_TTGAGGTAGTCGAAGTACAGACCT-1,GSM8848584,MH_07-042-M2,571.0,474,3.3274956047534943,0.04338510980182111,False,True,False,False,True,False
GSM8848584_TTGCGCAGTGCTGAAAACAGACCT-1,GSM8848584,MH_07-042-M2,620.0,466,5.000000074505806,0.027243928194297787,False,True,False,False,True,False
GSM8848584_TTGTGATTCCATCCTTACAGACCT-1,GSM8848584,MH_07-042-M2,940.0,337,1.3829787261784077,0.07135016465422613,False,True,False,False,True,False
GSM8848584_TTTCACCTCCTCACTTACAGACCT-1,GSM8848584,MH_07-042-M2,72011.0,10225,4.346558079123497,0.09739368998628255,False,False,True,False,True,False
GSM8848584_TTTCATCGTCATTTAGACAGACCT-1,GSM8848584,MH_07-042-M2,661.0,169,0.9077155962586403,0.07135016465422613,False,True,False,False,True,False
GSM8848584_TTTCATCGTCCACAATACAGACCT-1,GSM8848584,MH_07-042-M2,673.0,448,2.526002936065197,0.023961661341853034,False,True,False,False,True,False
GSM8848584_TTTGGCGGTCAATTGCACAGACCT-1,GSM8848584,MH_07-042-M2,484.0,407,4.338843002915382,0.006674082313681868,False,True,False,False,True,False
GSM8848585_AAACCAGGTAAGGTTGACTTTAGG-1,GSM8848585,MH_13-084-D12,632.0,438,4.113924130797386,0.037691949744067,False,True,False,False,True,False
GSM8848585_AAACCGGTCATAGGCGACTTTAGG-1,GSM8848585,MH_13-084-D12,497.0,465,1.2072434648871422,0.011991117690599554,False,True,False,False,True,False
GSM8848585_AACCATTTCTGGCCCAACTTTAGG-1,GSM8848585,MH_13-084-D12,540.0,455,5.185185000300407,0.03622693096377307,False,True,False,False,True,False
GSM8848585_AACCTTTAGGTGAATCACTTTAGG-1,GSM8848585,MH_13-084-D12,508.0,449,0.0,0.03482142857142857,False,True,False,False,True,False
GSM8848585_AACGGCTCACCAGCTCACTTTAGG-1,GSM8848585,MH_13-084-D12,57804.0,10162,1.3286277651786804,0.14057142857142854,False,False,True,False,True,False
GSM8848585_AACTAAGTCCGTCAACACTTTAGG-1,GSM8848585,MH_13-084-D12,47312.0,10224,1.211109198629856,0.14057142857142854,False,False,True,False,True,False
GSM8848585_AAGTCATCACATTGTCACTTTAGG-1,GSM8848585,MH_13-084-D12,39878.0,9231,1.7553538084030151,0.09426057813154583,False,False,True,False,True,False
GSM8848585_AAGTTGCAGCATCTATACTTTAGG-1,GSM8848585,MH_13-084-D12,541.0,474,0.0,0.005291005291005291,False,True,False,False,True,False
GSM8848585_AATACTGAGCCATCACACTTTAGG-1,GSM8848585,MH_13-084-D12,2153.0,1472,10.404087603092194,0.02857142857142857,False,False,False,True,True,False
GSM8848585_AATCCGGAGTTTGAGAACTTTAGG-1,GSM8848585,MH_13-084-D12,89879.0,9601,2.739238366484642,0.08120300751879701,False,False,True,False,True,False
GSM8848585_AATCGGCCAGCTGCTCACTTTAGG-1,GSM8848585,MH_13-084-D12,559.0,431,0.7155634928494692,0.037691949744067,False,True,False,False,True,False
GSM8848585_ACGCATTGTCAACATCACTTTAGG-1,GSM8848585,MH_13-084-D12,541.0,497,0.18484288593754172,0.037691949744067,False,True,False,False,True,False
GSM8848585_ACGGAACGTTTGGGCCACTTTAGG-1,GSM8848585,MH_13-084-D12,544.0,491,0.0,0.042484472049689435,False,True,False,False,True,False
GSM8848585_ACGGTAAGTTTACTGAACTTTAGG-1,GSM8848585,MH_13-084-D12,533.0,475,0.9380863048136234,0.04422979156075241,False,True,False,False,True,False
GSM8848585_ACTCCCACACTTTATGACTTTAGG-1,GSM8848585,MH_13-084-D12,563.0,470,4.085257649421692,0.06746031746031746,False,True,False,False,True,False
GSM8848585_AGAAAGGTCATCACATACTTTAGG-1,GSM8848585,MH_13-084-D12,541.0,484,1.109057292342186,0.040816326530612235,False,True,False,False,True,False
GSM8848585_AGAACAACAACAGCTAACTTTAGG-1,GSM8848585,MH_13-084-D12,499.0,435,3.4068137407302856,0.09930313588850172,False,True,False,False,True,False
GSM8848585_AGCGCTAAGCACTAGGACTTTAGG-1,GSM8848585,MH_13-084-D12,565.0,455,5.309734493494034,0.047974413646055425,False,True,False,False,True,False
GSM8848585_AGCTGCAAGTCCTGACACTTTAGG-1,GSM8848585,MH_13-084-D12,45581.0,10172,1.1671530082821846,0.16071428571428567,False,False,True,False,True,False
GSM8848585_AGCTGGCAGCAAAGCTACTTTAGG-1,GSM8848585,MH_13-084-D12,553.0,470,1.2658228166401386,0.018194070080862535,False,True,False,False,True,False
GSM8848585_AGGCTTTGTTGTGACTACTTTAGG-1,GSM8848585,MH_13-084-D12,570.0,488,0.7017544005066156,0.037691949744067,False,True,False,False,True,False
GSM8848585_AGGGAGTAGCTGGACAACTTTAGG-1,GSM8848585,MH_13-084-D12,509.0,442,0.3929273225367069,0.040816326530612235,False,True,False,False,True,False
GSM8848585_AGTAAGCTCGTCCATAACTTTAGG-1,GSM8848585,MH_13-084-D12,562.0,495,0.7117437664419413,0.016672115070284405,False,True,False,False,True,False
GSM8848585_AGTACTGCATCTATGCACTTTAGG-1,GSM8848585,MH_13-084-D12,547.0,483,0.18281536176800728,0.011991117690599554,False,True,False,False,True,False
GSM8848585_AGTCGCGCAATACCCTACTTTAGG-1,GSM8848585,MH_13-084-D12,974.0,665,12.731006741523743,0.06175920149719275,False,False,False,True,True,False
GSM8848585_AGTGGCGGTCAACTACACTTTAGG-1,GSM8848585,MH_13-084-D12,497.0,438,0.6036217324435711,0.059144676979071886,False,True,False,False,True,False
GSM8848585_AGTTAGGGTTGCTCCTACTTTAGG-1,GSM8848585,MH_13-084-D12,51251.0,9994,1.0653451085090637,0.16071428571428567,False,False,True,False,True,False
GSM8848585_ATAACCAAGTTGCAAAACTTTAGG-1,GSM8848585,MH_13-084-D12,551.0,494,0.18148820381611586,0.07389162561576354,False,True,False,False,True,False
GSM8848585_ATATAGGTCTATGCATACTTTAGG-1,GSM8848585,MH_13-084-D12,520.0,450,2.3076923564076424,0.02857142857142857,False,True,False,False,True,False
GSM8848585_ATCCTTTGTATAGCGAACTTTAGG-1,GSM8848585,MH_13-084-D12,546.0,484,0.18315018387511373,0.007617265802485633,False,True,False,False,True,False
GSM8848585_ATCGGGCAGTCTTGCAACTTTAGG-1,GSM8848585,MH_13-084-D12,573.0,453,0.8726003579795361,0.03622693096377307,False,True,False,False,True,False
GSM8848585_ATGACTTTCAACATTCACTTTAGG-1,GSM8848585,MH_13-084-D12,482.0,402,5.186722055077553,0.042484472049689435,False,True,False,False,True,False
GSM8848585_ATGAGGAAGCGAATACACTTTAGG-1,GSM8848585,MH_13-084-D12,558.0,483,2.867383509874344,0.13199348180336776,False,True,False,False,True,False
GSM8848585_ATTCAGTTCGACTTTGACTTTAGG-1,GSM8848585,MH_13-084-D12,549.0,480,0.36429872270673513,0.03482142857142857,False,True,False,False,True,False
GSM8848585_ATTGGCGAGTGAGGAAACTTTAGG-1,GSM8848585,MH_13-084-D12,31202.0,9064,1.1665918864309788,0.16071428571428567,False,False,True,False,True,False
GSM8848585_ATTGGCTGTTTGTCAAACTTTAGG-1,GSM8848585,MH_13-084-D12,126298.0,12047,1.177374180406332,0.17264725795531471,False,False,True,False,True,False
GSM8848585_ATTTGTCAGATATTGGACTTTAGG-1,GSM8848585,MH_13-084-D12,43409.0,10042,1.7876477912068367,0.12422360248447202,False,False,True,False,True,False
GSM8848585_CAACCGGCATTGAACGACTTTAGG-1,GSM8848585,MH_13-084-D12,67498.0,10011,2.445998415350914,0.10476190476190476,False,False,True,False,True,False
GSM8848585_CAATACTTCCGGACAAACTTTAGG-1,GSM8848585,MH_13-084-D12,528.0,463,0.37878789007663727,0.018990590248075277,False,True,False,False,True,False
GSM8848585_CAATCCATCATAATCCACTTTAGG-1,GSM8848585,MH_13-084-D12,527.0,438,0.37950663827359676,0.05432595573440645,False,True,False,False,True,False
GSM8848585_CAGTGAGTCTGCCATAACTTTAGG-1,GSM8848585,MH_13-084-D12,145911.0,11304,2.258225902915001,0.047974413646055425,False,False,True,False,True,False
GSM8848585_CATCAAGCATAGGCGTACTTTAGG-1,GSM8848585,MH_13-084-D12,546.0,474,3.2967034727334976,0.010811590024506271,False,True,False,False,True,False
GSM8848585_CATTACGTCAATGTGAACTTTAGG-1,GSM8848585,MH_13-084-D12,34466.0,9469,1.2301978655159473,0.2015444015444016,False,False,True,False,True,False
GSM8848585_CATTGTGTCTGTGACCACTTTAGG-1,GSM8848585,MH_13-084-D12,55880.0,10773,1.5068002976477146,0.12422360248447202,False,False,True,False,True,False
GSM8848585_CCCACCTTCATAGGTAACTTTAGG-1,GSM8848585,MH_13-084-D12,543.0,469,3.867403417825699,0.05432595573440645,False,True,False,False,True,False
GSM8848585_CCCATAGGTTTGTCCCACTTTAGG-1,GSM8848585,MH_13-084-D12,571.0,493,0.35026269033551216,0.008628954937679768,False,True,False,False,True,False
GSM8848585_CCCTGTTGTTCCTTTGACTTTAGG-1,GSM8848585,MH_13-084-D12,524.0,445,0.3816793905571103,0.005734675672231426,False,True,False,False,True,False
GSM8848585_CCTAATCCACCTATCGACTTTAGG-1,GSM8848585,MH_13-084-D12,546.0,478,2.5641025975346565,0.04998634252936356,False,True,False,False,True,False
GSM8848585_CCTATGGGTTCCGGGTACTTTAGG-1,GSM8848585,MH_13-084-D12,504.0,454,0.39682541973888874,0.037691949744067,False,True,False,False,True,False
GSM8848585_CCTATTGAGTGTCCACACTTTAGG-1,GSM8848585,MH_13-084-D12,533.0,398,0.37523452192544937,0.059144676979071886,False,True,False,False,True,False
GSM8848585_CCTCAGCCATTCCTGGACTTTAGG-1,GSM8848585,MH_13-084-D12,102877.0,10564,3.452666848897934,0.05667060212514757,False,False,True,False,True,False
GSM8848585_CGAACTTGTAAGTCGAACTTTAGG-1,GSM8848585,MH_13-084-D12,571.0,433,1.0507880710065365,0.03482142857142857,False,True,False,False,True,False
GSM8848585_CGATGAAGTACTTACAACTTTAGG-1,GSM8848585,MH_13-084-D12,570.0,474,0.1754386001266539,0.011991117690599554,False,True,False,False,True,False
GSM8848585_CGGTTATGTTTCAGGTACTTTAGG-1,GSM8848585,MH_13-084-D12,29339.0,9131,0.9645863436162472,0.13199348180336776,False,False,True,False,True,False
GSM8848585_CGTGAACCAATAGCTGACTTTAGG-1,GSM8848585,MH_13-084-D12,509.0,441,0.7858546450734138,0.14057142857142854,False,True,False,False,True,False
GSM8848585_CGTTACTCATCGATAGACTTTAGG-1,GSM8848585,MH_13-084-D12,520.0,452,0.0,0.004433497536945813,False,True,False,False,True,False
GSM8848585_CTAACCATCAAGCGATACTTTAGG-1,GSM8848585,MH_13-084-D12,542.0,484,0.9225091896951199,0.027457222443294866,False,True,False,False,True,False
GSM8848585_CTAACTAGTTCACCAGACTTTAGG-1,GSM8848585,MH_13-084-D12,685.0,565,10.510949045419693,0.07742639040348964,False,False,False,True,True,False
GSM8848585_CTATGGGAGACTGAGTACTTTAGG-1,GSM8848585,MH_13-084-D12,530.0,475,0.0,0.015944596553390238,False,True,False,False,True,False
GSM8848585_CTCCTAAAGTCACACCACTTTAGG-1,GSM8848585,MH_13-084-D12,49584.0,10424,1.5004840679466724,0.17264725795531471,False,False,True,False,True,False
GSM8848585_CTCCTCTCATTGTGTCACTTTAGG-1,GSM8848585,MH_13-084-D12,518.0,445,0.193050189409405,0.00401899890390939,False,True,False,False,True,False
GSM8848585_CTGAATCGTTGCGAAAACTTTAGG-1,GSM8848585,MH_13-084-D12,5669.0,3503,0.5821132566779852,0.32857142857142846,True,False,False,False,False,True
GSM8848585_CTTGCGCCAACCTTGTACTTTAGG-1,GSM8848585,MH_13-084-D12,99440.0,12039,1.0076427832245827,0.15009041591320074,False,False,True,False,True,False
GSM8848585_GACATTCGTATGTTTGACTTTAGG-1,GSM8848585,MH_13-084-D12,68932.0,10975,1.3694655150175095,0.13199348180336776,False,False,True,False,True,False
GSM8848585_GACCGTGCAAGGAATAACTTTAGG-1,GSM8848585,MH_13-084-D12,5561.0,2605,17.209134995937347,0.047974413646055425,False,False,False,True,True,False
GSM8848585_GACTAAATCCAATTACACTTTAGG-1,GSM8848585,MH_13-084-D12,576.0,491,0.1736111124046147,0.005291005291005291,False,True,False,False,True,False
GSM8848585_GACTAACAGCAATCGGACTTTAGG-1,GSM8848585,MH_13-084-D12,77460.0,11182,1.4846372418105602,0.16071428571428567,False,False,True,False,True,False
GSM8848585_GACTCAACATGAGGGAACTTTAGG-1,GSM8848585,MH_13-084-D12,540.0,471,0.18518518190830946,0.046057767369242775,False,True,False,False,True,False
GSM8848585_GAGCTATAGAATGGCTACTTTAGG-1,GSM8848585,MH_13-084-D12,3593.0,2128,13.303646445274353,0.05432595573440645,False,False,False,True,True,False
GSM8848585_GAGCTATAGAGGAGTAACTTTAGG-1,GSM8848585,MH_13-084-D12,526.0,462,0.1901140669360757,0.042484472049689435,False,True,False,False,True,False
GSM8848585_GAGTGCGGTAATGTCCACTTTAGG-1,GSM8848585,MH_13-084-D12,83148.0,11359,1.2832539156079292,0.2015444015444016,False,False,True,False,True,False
GSM8848585_GCAAACTAGACAACTAACTTTAGG-1,GSM8848585,MH_13-084-D12,496.0,468,1.411290280520916,0.03922034704064654,False,True,False,False,True,False
GSM8848585_GCATGAGTCATTGAGAACTTTAGG-1,GSM8848585,MH_13-084-D12,4423.0,2973,1.6052452847361565,0.293233082706767,True,False,False,False,False,True
GSM8848585_GCCGTGACATCGTTCGACTTTAGG-1,GSM8848585,MH_13-084-D12,47815.0,10174,1.4723412692546844,0.14057142857142854,False,False,True,False,True,False
GSM8848585_GCGAACGGTCAGTGCCACTTTAGG-1,GSM8848585,MH_13-084-D12,512.0,464,0.5859375,0.013884603517432889,False,True,False,False,True,False
GSM8848585_GCGCCTATCCATAGGGACTTTAGG-1,GSM8848585,MH_13-084-D12,564.0,494,0.0,0.005734675672231426,False,True,False,False,True,False
GSM8848585_GCGCTACGTAGCCAAAACTTTAGG-1,GSM8848585,MH_13-084-D12,758.0,620,8.047493547201157,0.046057767369242775,False,False,False,True,True,False
GSM8848585_GCGGATTCAAACTTCCACTTTAGG-1,GSM8848585,MH_13-084-D12,557.0,473,0.0,0.037691949744067,False,True,False,False,True,False
GSM8848585_GCTGTCAGTTGAATCCACTTTAGG-1,GSM8848585,MH_13-084-D12,533.0,473,0.0,0.010244735344336939,False,True,False,False,True,False
GSM8848585_GGACATAGTAATGGATACTTTAGG-1,GSM8848585,MH_13-084-D12,68905.0,11177,1.715405285358429,0.11715274345032131,False,False,True,False,True,False
GSM8848585_GGACTTACACAGCCAGACTTTAGG-1,GSM8848585,MH_13-084-D12,498.0,434,0.20080320537090302,0.05210084033613447,False,True,False,False,True,False
GSM8848585_GGATTGCCAGGATGCTACTTTAGG-1,GSM8848585,MH_13-084-D12,74091.0,10614,2.5779109448194504,0.06746031746031746,False,False,True,False,True,False
GSM8848585_GGCAATAGTGCACAAAACTTTAGG-1,GSM8848585,MH_13-084-D12,35091.0,9453,1.3194266706705093,0.11069063386944179,False,False,True,False,True,False
GSM8848585_GGCATGTCAACAGGGAACTTTAGG-1,GSM8848585,MH_13-084-D12,48301.0,10438,2.140742354094982,0.14057142857142854,False,False,True,False,True,False
GSM8848585_GGCATTTGTCCGCTAAACTTTAGG-1,GSM8848585,MH_13-084-D12,5272.0,3498,0.8535659871995449,0.32857142857142846,True,False,False,False,False,True
GSM8848585_GGCGCTTGTGGTGCAGACTTTAGG-1,GSM8848585,MH_13-084-D12,40953.0,9453,1.4553268440067768,0.16071428571428567,False,False,True,False,True,False
GSM8848585_GGGTTGGGTAATGAACACTTTAGG-1,GSM8848585,MH_13-084-D12,91656.0,10862,2.956707775592804,0.09930313588850172,False,False,True,False,True,False
GSM8848585_GGTGTGCAGCTTACCAACTTTAGG-1,GSM8848585,MH_13-084-D12,5161.0,3115,8.312342315912247,0.11069063386944179,False,False,False,True,True,False
GSM8848585_GGTTACCTCAGGCAATACTTTAGG-1,GSM8848585,MH_13-084-D12,581.0,476,0.3442340763285756,0.046057767369242775,False,True,False,False,True,False
GSM8848585_GTAAGAACACTTTACAACTTTAGG-1,GSM8848585,MH_13-084-D12,493.0,440,0.8113590069115162,0.06175920149719275,False,True,False,False,True,False
GSM8848585_GTACTGACACCATCATACTTTAGG-1,GSM8848585,MH_13-084-D12,564.0,480,0.3546099178493023,0.09426057813154583,False,True,False,False,True,False
GSM8848585_GTTAGGCCATCCGTCAACTTTAGG-1,GSM8848585,MH_13-084-D12,1827.0,1256,14.28571492433548,0.05432595573440645,False,False,False,True,True,False
GSM8848585_GTTCATTAGCTGATGGACTTTAGG-1,GSM8848585,MH_13-084-D12,500.0,444,0.9999999776482582,0.02434421588979053,False,True,False,False,True,False
GSM8848585_GTTCGGGCAGCCTATTACTTTAGG-1,GSM8848585,MH_13-084-D12,586.0,494,0.17064845887944102,0.008628954937679768,False,True,False,False,True,False
GSM8848585_GTTTGTCCACTCCCAAACTTTAGG-1,GSM8848585,MH_13-084-D12,697.0,555,9.61262583732605,0.05667060212514757,False,False,False,True,True,False
GSM8848585_TAACACGCATGGCTTTACTTTAGG-1,GSM8848585,MH_13-084-D12,559.0,499,0.1788908732123673,0.06175920149719275,False,True,False,False,True,False
GSM8848585_TAAGCTAAGGAGCCGTACTTTAGG-1,GSM8848585,MH_13-084-D12,580.0,483,1.034482754766941,0.03922034704064654,False,True,False,False,True,False
GSM8848585_TACCAGCTCGGTAAACACTTTAGG-1,GSM8848585,MH_13-084-D12,73629.0,10356,1.2984014116227627,0.09426057813154583,False,False,True,False,True,False
GSM8848585_TACCTGCAGCTTAAAGACTTTAGG-1,GSM8848585,MH_13-084-D12,50972.0,9123,2.73287296295166,0.025345622119815673,False,False,True,False,True,False
GSM8848585_TACTCACCAGGTGACTACTTTAGG-1,GSM8848585,MH_13-084-D12,568.0,492,1.9366197288036346,0.009153952843273232,False,True,False,False,True,False
GSM8848585_TAGAGGCGTGAACGTAACTTTAGG-1,GSM8848585,MH_13-084-D12,550.0,438,0.5454545374959707,0.021536252692031587,False,True,False,False,True,False
GSM8848585_TAGCCTGGTGTCCAGCACTTTAGG-1,GSM8848585,MH_13-084-D12,689.0,496,1.015965174883604,0.042484472049689435,False,True,False,False,True,False
GSM8848585_TAGCGCGCATATTTCGACTTTAGG-1,GSM8848585,MH_13-084-D12,971.0,790,8.444902300834656,0.047974413646055425,False,False,False,True,True,False
GSM8848585_TAGGCTGAGGTTGTGGACTTTAGG-1,GSM8848585,MH_13-084-D12,501.0,435,0.0,0.025345622119815673,False,True,False,False,True,False
GSM8848585_TAGGTTCGTGAACGACACTTTAGG-1,GSM8848585,MH_13-084-D12,525.0,418,0.9523809887468815,0.07057620184111832,False,True,False,False,True,False
GSM8848585_TCACTTTGTTTCGCCTACTTTAGG-1,GSM8848585,MH_13-084-D12,557.0,476,0.8976660668849945,0.047974413646055425,False,True,False,False,True,False
GSM8848585_TCATTACAGCACGCAAACTTTAGG-1,GSM8848585,MH_13-084-D12,36715.0,9496,1.6914067789912224,0.18614718614718612,False,False,True,False,True,False
GSM8848585_TCCGAATGTCAAAGATACTTTAGG-1,GSM8848585,MH_13-084-D12,500.0,440,0.800000037997961,0.07057620184111832,False,True,False,False,True,False
GSM8848585_TCCTTTCAGTATGGTAACTTTAGG-1,GSM8848585,MH_13-084-D12,4683.0,3106,0.21353831980377436,0.293233082706767,True,False,False,False,False,True
GSM8848585_TCGTCAATCCCTCGTCACTTTAGG-1,GSM8848585,MH_13-084-D12,40085.0,9645,1.6714481636881828,0.15009041591320074,False,False,True,False,True,False
GSM8848585_TCGTTAAGTGTTAGTCACTTTAGG-1,GSM8848585,MH_13-084-D12,483.0,432,0.20703934133052826,0.004433497536945813,False,True,False,False,True,False
GSM8848585_TCTAATGGTCCTCCTGACTTTAGG-1,GSM8848585,MH_13-084-D12,522.0,463,0.38314175326377153,0.018990590248075277,False,True,False,False,True,False
GSM8848585_TCTTCATGTGTTAGCTACTTTAGG-1,GSM8848585,MH_13-084-D12,505.0,437,2.772277221083641,0.07742639040348964,False,True,False,False,True,False
GSM8848585_TCTTTAGCACTAAGCAACTTTAGG-1,GSM8848585,MH_13-084-D12,32915.0,9359,1.4370348304510117,0.16071428571428567,False,False,True,False,True,False
GSM8848585_TGAAAGGAGAGGTTTAACTTTAGG-1,GSM8848585,MH_13-084-D12,57142.0,10924,1.4105211943387985,0.18614718614718612,False,False,True,False,True,False
GSM8848585_TGCATCCAGTCCTCAAACTTTAGG-1,GSM8848585,MH_13-084-D12,522.0,484,0.5747126415371895,0.021536252692031587,False,True,False,False,True,False
GSM8848585_TGCTATTAGCTAAACAACTTTAGG-1,GSM8848585,MH_13-084-D12,44958.0,9645,0.7940744981169701,0.13199348180336776,False,False,True,False,True,False
GSM8848585_TGGATTCGTCCCTCATACTTTAGG-1,GSM8848585,MH_13-084-D12,60024.0,10995,1.3844462111592293,0.16071428571428567,False,False,True,False,True,False
GSM8848585_TGTCGAGAGGGTTATAACTTTAGG-1,GSM8848585,MH_13-084-D12,91893.0,11475,1.619274541735649,0.18614718614718612,False,False,True,False,True,False
GSM8848585_TGTGTGACAAAGGTAAACTTTAGG-1,GSM8848585,MH_13-084-D12,486.0,452,1.440329197794199,0.07742639040348964,False,True,False,False,True,False
GSM8848585_TGTTCAAGTAATAGGTACTTTAGG-1,GSM8848585,MH_13-084-D12,523.0,432,2.2944550961256027,0.046057767369242775,False,True,False,False,True,False
GSM8848585_TGTTGCATCGGGATGCACTTTAGG-1,GSM8848585,MH_13-084-D12,553.0,459,1.0849909856915474,0.05432595573440645,False,True,False,False,True,False
GSM8848585_TTATCGCCAGCCCTTAACTTTAGG-1,GSM8848585,MH_13-084-D12,50272.0,9758,1.2929663062095642,0.18614718614718612,False,False,True,False,True,False
GSM8848585_TTCCATTGTCGTTCTCACTTTAGG-1,GSM8848585,MH_13-084-D12,84223.0,10446,1.4105410315096378,0.06746031746031746,False,False,True,False,True,False
GSM8848585_TTCGATAGTGCTGCACACTTTAGG-1,GSM8848585,MH_13-084-D12,541.0,447,4.251386225223541,0.06746031746031746,False,True,False,False,True,False
GSM8848585_TTCGGTCAGGAAGCAAACTTTAGG-1,GSM8848585,MH_13-084-D12,1169.0,874,10.436270385980606,0.08120300751879701,False,False,False,True,True,False
GSM8848585_TTGCACGGTTGGTTTAACTTTAGG-1,GSM8848585,MH_13-084-D12,536.0,477,0.0,0.021536252692031587,False,True,False,False,True,False
GSM8848585_TTGGCCAGTTTCAGGTACTTTAGG-1,GSM8848585,MH_13-084-D12,600.0,490,1.1666666716337204,0.03922034704064654,False,True,False,False,True,False
GSM8848585_TTGTGGACACAGCCAGACTTTAGG-1,GSM8848585,MH_13-084-D12,59220.0,9931,2.838568016886711,0.10476190476190476,False,False,True,False,True,False
GSM8848585_TTTCATCGTCCATAGTACTTTAGG-1,GSM8848585,MH_13-084-D12,833.0,655,9.243697673082352,0.07057620184111832,False,False,False,True,True,False
GSM8848586_AAATGGTGTTAATCCAAACGGGAA-1,GSM8848586,MH_13-084-D13,518.0,433,0.193050189409405,0.017763845350052248,False,True,False,False,True,False
GSM8848586_AACCTTTAGCACTACCAACGGGAA-1,GSM8848586,MH_13-084-D13,506.0,441,3.1620554625988007,0.06996466431095406,False,True,False,False,True,False
GSM8848586_AATACTGAGACTATTCAACGGGAA-1,GSM8848586,MH_13-084-D13,540.0,438,0.3703703638166189,0.023094688221709007,False,True,False,False,True,False
GSM8848586_ACAAACCAGCGCCTTGAACGGGAA-1,GSM8848586,MH_13-084-D13,1758.0,1333,0.4550625570118427,0.5948275862068955,True,False,False,False,False,True
GSM8848586_ACAAAGGAGGCGATATAACGGGAA-1,GSM8848586,MH_13-084-D13,21490.0,7223,0.8143322542309761,0.10561370123691721,False,False,True,False,True,False
GSM8848586_ACCGGTAAGGCTTAGGAACGGGAA-1,GSM8848586,MH_13-084-D13,506.0,442,0.0,0.017763845350052248,False,True,False,False,True,False
GSM8848586_AGCGGCTAGAATGGCTAACGGGAA-1,GSM8848586,MH_13-084-D13,15999.0,6680,1.393837109208107,0.13463751438434982,False,False,True,False,True,False
GSM8848586_AGCTGGCAGATGAAGGAACGGGAA-1,GSM8848586,MH_13-084-D13,521.0,447,0.3838771488517523,0.017763845350052248,False,True,False,False,True,False
GSM8848586_ATATCGAAGGTAGACTAACGGGAA-1,GSM8848586,MH_13-084-D13,499.0,448,2.404809556901455,0.041305456399796034,False,True,False,False,True,False
GSM8848586_ATTGCATTCTTCAAGTAACGGGAA-1,GSM8848586,MH_13-084-D13,519.0,442,0.19267823081463575,0.03499766682221185,False,True,False,False,True,False
GSM8848586_CAGGTTGAGTCGCATCAACGGGAA-1,GSM8848586,MH_13-084-D13,496.0,387,4.838709533214569,0.027317880794701984,False,True,False,False,True,False
GSM8848586_CGAGTTACACCACACCAACGGGAA-1,GSM8848586,MH_13-084-D13,2390.0,1756,1.2133890762925148,0.3188405797101449,True,False,False,False,False,True
GSM8848586_CGGTTATGTGCACAAAAACGGGAA-1,GSM8848586,MH_13-084-D13,498.0,435,0.8032128214836121,0.041305456399796034,False,True,False,False,True,False
GSM8848586_CGTTCGTAGACTTAAGAACGGGAA-1,GSM8848586,MH_13-084-D13,20625.0,7594,2.012121304869652,0.1790393013100437,False,False,True,False,True,False
GSM8848586_GAGCTTGAGGCTTTATAACGGGAA-1,GSM8848586,MH_13-084-D13,489.0,406,10.020449757575989,0.025129637016354206,False,True,False,True,True,False
GSM8848586_GCAAACTAGTTGCAGGAACGGGAA-1,GSM8848586,MH_13-084-D13,489.0,444,1.635991781949997,0.05823418910457105,False,True,False,False,True,False
GSM8848586_GCCTGCATCTGTCAATAACGGGAA-1,GSM8848586,MH_13-084-D13,23054.0,7362,0.442439503967762,0.06996466431095406,False,False,True,False,True,False
GSM8848586_GCGAACGGTACTTATGAACGGGAA-1,GSM8848586,MH_13-084-D13,495.0,436,1.2121211737394333,0.027317880794701984,False,True,False,False,True,False
GSM8848586_GCGGGTTAGCTTACATAACGGGAA-1,GSM8848586,MH_13-084-D13,2938.0,2116,0.748808728531003,0.4179566563467496,True,False,False,False,False,True
GSM8848586_GGAAGTTTCCGCAATCAACGGGAA-1,GSM8848586,MH_13-084-D13,492.0,430,1.8292682245373726,0.041305456399796034,False,True,False,False,True,False
GSM8848586_GGCAAGCTCAGGTAACAACGGGAA-1,GSM8848586,MH_13-084-D13,505.0,421,0.39603961631655693,0.017763845350052248,False,True,False,False,True,False
GSM8848586_GGGAGTGAGGTTCGAGAACGGGAA-1,GSM8848586,MH_13-084-D13,496.0,416,1.6129031777381897,0.053317535545023706,False,True,False,False,True,False
GSM8848586_GTGCCTTAGAAGTACCAACGGGAA-1,GSM8848586,MH_13-084-D13,501.0,443,1.7964072525501251,0.025129637016354206,False,True,False,False,True,False
GSM8848586_GTTTGTAGTATGGGACAACGGGAA-1,GSM8848586,MH_13-084-D13,484.0,414,1.652892492711544,0.053317535545023706,False,True,False,False,True,False
GSM8848586_TAGTGGCCACGTAGGTAACGGGAA-1,GSM8848586,MH_13-084-D13,482.0,429,1.244813296943903,0.11874999999999994,False,True,False,False,True,False
GSM8848586_TCATGCCAGTTAGTTCAACGGGAA-1,GSM8848586,MH_13-084-D13,42197.0,9557,0.46922764740884304,0.1790393013100437,False,False,True,False,True,False
GSM8848586_TCCGGAGCACTAACTCAACGGGAA-1,GSM8848586,MH_13-084-D13,28987.0,8052,1.1798392049968243,0.09457092819614712,False,False,True,False,True,False
GSM8848586_TCTATGAGTACTGCCAAACGGGAA-1,GSM8848586,MH_13-084-D13,508.0,435,0.7874015718698502,0.03222918531781557,False,True,False,False,True,False
GSM8848586_TGGTAGTAGATGCTAAAACGGGAA-1,GSM8848586,MH_13-084-D13,6962.0,3832,8.94857794046402,0.06996466431095406,False,False,False,True,True,False
GSM8848586_TGTCAGGAGCCTAGTCAACGGGAA-1,GSM8848586,MH_13-084-D13,35147.0,8956,0.8848550729453564,0.10561370123691721,False,False,True,False,True,False
GSM8848586_TGTGTGACATCCTTGGAACGGGAA-1,GSM8848586,MH_13-084-D13,532.0,429,0.7518797181546688,0.00855188141391106,False,True,False,False,True,False
GSM8848586_TTCACTTGTATAGTGGAACGGGAA-1,GSM8848586,MH_13-084-D13,493.0,436,0.4056795034557581,0.03801169590643275,False,True,False,False,True,False
