Gene_set,Term,Overlap,P-value,Adjusted P-value,Old P-value,Old Adjusted P-value,Odds Ratio,Combined Score,Genes
GO_Biological_Process_2023,Cholesterol Metabolic Process (GO:0008203),30/67,3.515800447424545e-13,1.4984341506923411e-09,0,0,7.217948201554759,206.9843294131789,MVK;INSIG1;LCAT;MSMO1;HMGCR;CLN8;GBA2;TM7SF2;NSDHL;PIP4P1;CYP11A1;APOE;SCARF1;SULT2A1;FDFT1;STARD3;HMGCS1;ABCA5;CYP51A1;DHCR24;LSS;NR0B2;CYP27A1;SQLE;SOAT1;CYP11B2;CYP11B1;FDX1;MVD;DHCR7
GO_Biological_Process_2023,Sterol Metabolic Process (GO:0016125),23/60,7.942308296805091e-09,1.6925058980491645e-05,0,0,5.514583890821514,102.85284542576404,STARD3;ABCA5;FAXDC2;CYP51A1;LCAT;MSMO1;HMGCR;CLN8;GBA2;NR0B2;CYP27A1;SQLE;NSDHL;PIP4P1;SOAT1;CYP21A2;CYP11A1;CYP11B2;CYP4V2;CYP11B1;FDX1;APOE;SULT2A1
GO_Biological_Process_2023,Sterol Biosynthetic Process (GO:0016126),15/28,1.3450324364882062e-08,1.910842748104245e-05,0,0,10.209376422394174,185.03741941324043,MVK;HMGCS1;FAXDC2;INSIG1;CYP51A1;MSMO1;DHCR24;HMGCR;LSS;TM7SF2;SQLE;NSDHL;MVD;DHCR7;FDFT1
GO_Biological_Process_2023,Cholesterol Biosynthetic Process (GO:0006695),14/25,1.93406922175446e-08,2.060750755779377e-05,0,0,11.2569559568081,199.93540887827083,MVK;HMGCS1;INSIG1;CYP51A1;MSMO1;DHCR24;HMGCR;LSS;TM7SF2;NSDHL;SC5D;MVD;DHCR7;FDFT1
GO_Biological_Process_2023,Secondary Alcohol Biosynthetic Process (GO:1902653),13/24,1.072564134413808e-07,9.1425366817433e-05,0,0,10.447738468428124,167.66576122926068,MVK;HMGCS1;INSIG1;CYP51A1;DHCR24;MSMO1;HMGCR;LSS;TM7SF2;NSDHL;MVD;DHCR7;FDFT1
GO_Biological_Process_2023,Regulation Of I-kappaB kinase/NF-kappaB Signaling (GO:0043122),50/232,2.5081499751025776e-07,0.0001781622532314531,0,0,2.450196567105749,37.23943560169173,MAPKBP1;TRAF3IP2;TRADD;IFIT5;RORA;ARRB2;EDA2R;UFL1;GJA1;LGALS1;CASP8;TRIM5;IKBKE;MAP3K7;TRIM22;WLS;ZDHHC13;IRAK4;SIRT1;TNFRSF1A;CARD19;TRAF6;TRIM13;TLR6;ALPK1;SQSTM1;OPTN;BIRC2;PRKN;GSTP1;BCL10;TANK;MIER1;PLCG2;S100A13;RIPK1;LURAP1;NDFIP2;STAT1;NR1H4;TNFRSF10B;NR1D1;CFLAR;BST2;PER1;PINK1;VAPA;TRIM38;TRIM32;TRIM34
GO_Biological_Process_2023,Lipid Biosynthetic Process (GO:0008610),23/71,2.958962780910672e-07,0.00018015856246058977,0,0,4.248215759075908,63.864518685408434,AGPAT5;SREBF1;PCYT2;ACSS2;MVK;HSD3B2;OXSM;CYP51A1;HMGCR;CLN8;LSS;PRLR;ACACB;ACSF3;AGPAT4;CYP17A1;MLXIPL;CYP21A2;GPAT4;FDXR;MVD;FADS1;FDFT1
GO_Biological_Process_2023,Secondary Alcohol Metabolic Process (GO:1902652),18/47,3.393767426154801e-07,0.00018080295962839704,0,0,5.495172413793103,81.8569400907412,STARD3;ABCA5;IDH1;LCAT;CLN8;GBA2;NR0B2;CYP27A1;SQLE;NSDHL;PIP4P1;SOAT1;CYP11A1;CYP11B2;CYP11B1;FDX1;APOE;SULT2A1
GO_Biological_Process_2023,Negative Regulation Of Intracellular Signal Transduction (GO:1902532),48/231,1.317877907232374e-06,0.0006240884045138198,0,0,2.336858539792104,31.639867598824186,DGKG;MAPKBP1;GSTP1;PEBP1;RORA;IFI35;ARRB2;TANK;DUSP16;PBLD;ARHGAP12;SPRED2;NUAK1;SPRED1;DEPTOR;CASP8;PPP2R1A;CCN3;RIPK1;SLIT2;DUSP4;MINAR1;DUSP5;UBE2B;STAT1;MAGI2;NR1H4;ATP2B4;NR1D1;MAPK14;SIRT1;CYLD;PER1;PINK1;PDE10A;BANK1;VEPH1;CARD19;DLG5;DDIT4;PPIF;MDM2;NF1;SPRY3;GPD1L;DEPDC5;PPARA;EPHA2
GO_Biological_Process_2023,Regulation Of Cellular Metabolic Process (GO:0031323),16/45,4.769403801769775e-06,0.0019390949026022,0,0,4.879778167157172,59.793333358122034,PRKN;PID1;MBOAT7;PGAM1;CIDEB;VASH1;HIF1A;ING2;NUAK1;PINK1;NPC2;PDK4;BCO2;MPV17;PPARA;PDK2
GO_Biological_Process_2023,Apoptotic Process (GO:0006915),46/228,5.004702939611646e-06,0.0019390949026022,0,0,2.249665707352237,27.45746803822821,IFI27L1;APP;IFI27L2;FASTKD2;TRADD;IFI6;CXCR4;AHR;FOXO1;RTN4;IFIT2;HSPD1;CASP9;CASP8;PPP2R1A;AIFM2;CASP6;PLAGL1;CASP3;CASP4;PAK6;C19ORF12;RIPK1;BAK1;JAK2;MAP3K7;PLK3;SEMA6A;DMPK;MX1;CIDEB;LIG4;TNFRSF10B;DHCR24;TNFRSF10A;SEPTIN4;CFLAR;RHOB;TGFBR2;PLSCR1;IFI27;IRF3;DDIT4;MDM2;NDUFS1;ARHGEF6
GO_Biological_Process_2023,Cellular Response To Reactive Oxygen Species (GO:0034614),21/73,8.085067625627144e-06,0.0028715465183685,0,0,3.57609564026478,41.93147975061178,MPV17L2;PJVK;PEX2;CLU;SIRT1;MT3;PEX13;RHOB;MAPK13;PRDX3;FER;MAPK7;PPIF;SIRPA;RIPK1;ATM;MPV17;FXN;SQSTM1;PDK2;MAP3K5
GO_Biological_Process_2023,Glucocorticoid Biosynthetic Process (GO:0006704),5/5,1.1072730313046828e-05,0.0036301520457081,0,0,89785.0,1024538.8976636672,CYP11A1;CYP11B2;CYP21A2;CYP11B1;CYP17A1
GO_Biological_Process_2023,Organonitrogen Compound Biosynthetic Process (GO:1901566),29/123,1.3348362798244112e-05,0.0040636230175797,0,0,2.736308605717425,30.712647439232256,MOCS2;ALAS1;SAMD8;PPM1L;GSTP1;LCAT;NANP;SPTLC3;GPAT4;ALDH3B1;ST3GAL4;DMD;APOE;SPTSSA;LARGE1;TYW5;CHKA;ELOVL5;PLA2G4C;MOCOS;ORMDL1;ELOVL6;ASS1;PRKD3;GSTA1;INHA;PAM;B4GALT5;BCAT2
GO_Biological_Process_2023,Regulation Of Small Molecule Metabolic Process (GO:0062012),14/40,2.292840987012599e-05,0.0065147255244317,0,0,4.758577548621905,50.83652070022114,PRKN;ACADVL;PGAM1;NR1H4;FOXK2;RORA;HIF1A;FMO5;SIRT1;PDK4;APOE;PPARA;PDK2;PDK1
GO_Biological_Process_2023,Fatty Acid Oxidation (GO:0019395),16/52,3.82197783485155e-05,0.0094644351593659,0,0,3.92939757715288,39.97045071477979,ABCD4;PHYH;ABCD3;PEX2;ADIPOR2;PEX13;ACAT2;ADH5;HADHB;BDH2;CYP4V2;ECHDC1;ECHDC2;ACADS;PPARGC1A;DECR1
GO_Biological_Process_2023,Cellular Response To Oxidative Stress (GO:0034599),27/117,3.918854359725231e-05,0.0094644351593659,0,0,2.658779761904762,26.97897354025047,LRRK2;MPV17L2;HIF1A;FOXO1;PRDX3;ERMP1;ALDH3B1;LONP1;STX4;MPV17;STX2;PPARGC1A;PDK2;SLC25A24;NQO1;ARNT;GPX7;PEX2;VRK2;MT3;PEX13;ETV5;MSRA;FER;PINK1;ATM;SQSTM1
GO_Biological_Process_2023,Glycosphingolipid Metabolic Process (GO:0006687),12/32,3.997180499028306e-05,0.0094644351593659,0,0,5.298966026587888,53.66441061006857,GALC;NEU3;UGCG;B3GALNT1;CERK;ST8SIA1;ST3GAL5;ST8SIA5;LARGE1;B4GALT6;GBA2;ST6GALNAC5
GO_Biological_Process_2023,Sulfur Compound Biosynthetic Process (GO:0044272),19/70,5.2492771052910056e-05,0.0117749573803948,0,0,3.295880802914051,32.48036179586262,MPST;CHST6;GGT7;GLCE;GSTP1;CSGALNACT2;XYLT1;MAT2B;LIAS;PAPSS2;CHST11;GSTA1;UST;ST3GAL4;B3GNT2;ST3GAL6;ST3GAL1;CHST3;ST3GAL3
GO_Biological_Process_2023,Regulation Of Bile Acid Biosynthetic Process (GO:0070857),6/9,7.211329239555355e-05,0.0142461454347461,0,0,17.627884143348062,168.1219288584019,STARD4;NR1H4;NR1D1;PROX1;FGFR4;SIRT1
GO_Biological_Process_2023,Organic Cyclic Compound Biosynthetic Process (GO:1901362),11/29,7.4204925651566e-05,0.0142461454347461,0,0,5.395040463692038,51.2997134995372,MOCS2;HSD3B2;CYP21A2;CYP51A1;MOCOS;FDXR;LIAS;LSS;PRLR;CYP17A1;FDFT1
GO_Biological_Process_2023,Response To Reactive Oxygen Species (GO:0000302),18/66,7.657176830208392e-05,0.0142461454347461,0,0,3.3164814814814814,31.431230609863533,PLK3;GSTP1;MPV17L2;PJVK;PEX2;SIRT1;HIF1A;MT3;PEX13;PRDX3;FER;HYAL1;CAT;ATM;MPV17;APOE;SQSTM1;PDK2
GO_Biological_Process_2023,Positive Regulation Of I-kappaB kinase/NF-kappaB Signaling (GO:0043123),35/175,7.7677345948802e-05,0.0142461454347461,0,0,2.2182519920318726,20.99120081370701,PRKN;TRAF3IP2;TRADD;IFIT5;BCL10;EDA2R;GJA1;LGALS1;CASP8;TRIM5;MIER1;S100A13;RIPK1;MAP3K7;IKBKE;LURAP1;TRIM22;WLS;NDFIP2;TNFRSF10B;ZDHHC13;IRAK4;CFLAR;TNFRSF1A;BST2;PINK1;VAPA;TRAF6;TRIM13;TLR6;TRIM38;ALPK1;TRIM32;BIRC2;TRIM34
GO_Biological_Process_2023,Positive Regulation Of Lipid Biosynthetic Process (GO:0046889),13/39,8.02223112233474e-05,0.0142461454347461,0,0,4.416502463054187,41.650749027676405,SCARB1;SREBF1;LPGAT1;ELOVL5;SIRT4;ZBTB20;CREBL2;MLXIPL;FABP3;CNEP1R1;APOE;PPARA;LDLR
GO_Biological_Process_2023,Negative Regulation Of Viral Process (GO:0048525),17/61,8.953634924296279e-05,0.0150438126123661,0,0,3.41605716593377,31.840610676417096,APOBEC3C;HEXIM1;APOBEC3F;RSAD2;APOBEC3G;STAT1;MX1;IFIT5;PROX1;IFIT1;BST2;FAM111A;PLSCR1;OAS1;IFI16;TRIM13;TRIM32
GO_Biological_Process_2023,Steroid Biosynthetic Process (GO:0006694),15/50,9.1773610493083e-05,0.0150438126123661,0,0,3.7874049027895182,35.20841955898041,HSD3B7;ABCD3;HSD3B2;FAXDC2;CYP51A1;MSMO1;HMGCR;LSS;PRLR;CYP17A1;CYP27A1;SQLE;CYP21A2;FDXR;FDFT1
GO_Biological_Process_2023,Steroid Metabolic Process (GO:0008202),22/92,0.00011309236962849264,0.0178518399761716,0,0,2.78160740793101,25.27731669421673,STARD3;HSD3B2;CYP51A1;HSD17B14;MSMO1;DHCR24;GBA2;LSS;PRLR;CYP3A5;CYP17A1;CYP27A1;CYP2C8;NPC1;CYP21A2;CYP11A1;CYP11B2;CYP4V2;CYP11B1;FDXR;SULT2A1;FDFT1
GO_Biological_Process_2023,Intrinsic Apoptotic Signaling Pathway (GO:0097193),24/105,0.00012078443255646217,0.0183851161269872,0,0,2.6233742410067324,23.66677897974643,DDX5;CEBPB;CUL5;ATP2A3;IFI6;CIDEB;TNFRSF10B;FHIT;TOPORS;ERN1;MSH6;CASP9;IFI16;CASP6;CHEK2;CASP3;CASP4;ATM;BAK1;IKBKE;PDK2;MAP3K5;PDK1;EPHA2
GO_Biological_Process_2023,Central Nervous System Development (GO:0007417),49/283,0.00016139427737313497,0.0237193934539414,0,0,1.861196838378383,16.25133846772097,APP;SLC23A2;LOXL3;JRKL;MSI2;GBA2;SHH;CDH2;DNER;NRCAM;SEMA6B;LIG4;PROX1;HSPG2;TGFBR2;ALDH3A2;PITPNM1;DDIT4;PRKN;NDRG4;SHC3;GSTP1;AMIGO2;ADAM22;CXCR4;PTS;NPAS2;RTN4;GLIS2;CLN5;C3;PDGFC;ADAM23;NPTX1;RBBP7;SPTBN1;CNTN6;ELP3;GRIN2C;MEIS2;PBX1;MEIS1;UFM1;NF1;RAB18;TPP1;ADGRL2;RAB3GAP1;ADGRL3
GO_Biological_Process_2023,Negative Regulation Of I-kappaB kinase/NF-kappaB Signaling (GO:0043124),13/42,0.00018816823920121011,0.0259391062573191,0,0,3.958960421267199,33.960651772159366,MAPKBP1;STAT1;GSTP1;NR1H4;RORA;ARRB2;NR1D1;TANK;SIRT1;PER1;CASP8;CARD19;RIPK1
GO_Biological_Process_2023,Defense Response To Symbiont (GO:0140546),30/148,0.0001906257190415596,0.0259391062573191,0,0,2.253024830129581,19.297605207731788,IFIT5;IFI6;NLRC5;DDX60L;IFIT1;DDX60;TANK;IFI44L;IFIT3;IFIT2;IFI16;TRIM5;GBP2;IKBKE;MICA;APOBEC3C;APOBEC3F;RSAD2;APOBEC3G;MLKL;STAT1;MX1;BST2;MOV10;PLSCR1;IFI27;IRF3;OAS1;DDIT4;IRF2
GO_Biological_Process_2023,Glucocorticoid Metabolic Process (GO:0008211),5/7,0.00019475631164575584,0.0259391062573191,0,0,22.025269872423944,188.17865198727424,CYP11A1;CYP11B2;CYP21A2;CYP11B1;CYP17A1
GO_Biological_Process_2023,Plasma Membrane Organization (GO:0007009),18/72,0.0002555514968921231,0.0330048630228554,0,0,2.9469958847736626,24.377805213591323,MYOF;CXCR4;ANK2;SNX33;UGCG;EHD2;PLSCR1;BIN3;COL5A1;BIN1;PLSCR4;EPB41L3;PACSIN3;TLCD2;STX4;STX2;SPTBN1;ARL8B
GO_Biological_Process_2023,Regulation Of Carbohydrate Metabolic Process (GO:0006109),7/15,0.0003521998151430158,0.0441492827099862,0,0,7.713838408644401,61.33513503124616,PRKN;PDK4;FOXK2;RORA;SIRT1;PDK2;PDK1
GO_Biological_Process_2023,Cellular Response To Hydrogen Peroxide (GO:0070301),11/34,0.0003792810120060095,0.0461855906619889,0,0,4.2210287572749055,33.250027743161446,MAPK7;CAT;PPIF;SIRPA;RIPK1;CLU;SIRT1;FXN;MAP3K5;MAPK13;RHOB
GO_Biological_Process_2023,Glucose Homeostasis (GO:0042593),20/87,0.0003976635027291093,0.0470789402397628,0,0,2.6397916497591134,20.669316202904906,GCKR;IRS1;INSR;FOXK2;PYGL;NR1D1;SIRT1;ADIPOR2;HIF1A;SLC8B1;FOXO1;KLF7;MLXIPL;OAS1;CYP11B1;PDK4;FGFR4;PPARGC1A;PDK2;PTPN2
