group,names,scores,logfoldchanges,pvals,pvals_adj,pct_nz_group,pct_nz_reference
0,ENSG00000167751,47.966206,5.209408,0.0,0.0,0.9982222222222222,0.6336522228474958
0,ENSG00000142515,47.085255,4.5446577,0.0,0.0,0.9911111111111112,0.5370005627462014
0,ENSG00000159674,46.387154,4.725096,0.0,0.0,0.9431111111111111,0.28123241418120426
0,ENSG00000127954,42.788036,4.8248463,0.0,0.0,0.8666666666666667,0.18683173888576252
0,ENSG00000167749,39.486206,3.8496811,0.0,0.0,0.888,0.22200337647720877
0,ENSG00000198712,38.785683,2.4512382,0.0,0.0,0.9955555555555555,0.863252673044457
0,ENSG00000198899,38.115887,3.3827477,0.0,0.0,0.9875555555555555,0.6447664603263928
0,ENSG00000198886,37.783028,2.9833758,0.0,0.0,0.9875555555555555,0.703573438379291
0,ENSG00000169083,37.75372,4.2015295,0.0,0.0,0.7804444444444445,0.16657287563308948
0,ENSG00000103942,37.22934,3.2940927,2.288461306964009e-303,3.914641911692634e-300,0.8497777777777777,0.2765897580191334
0,ENSG00000212907,36.45851,2.7133846,5.042942450112072e-291,7.842233959237919e-288,0.9777777777777777,0.694991558806978
0,ENSG00000103534,35.487717,3.6395485,7.604041150630054e-276,1.0839560660223143e-272,0.7937777777777778,0.19400675295441755
0,ENSG00000103202,35.021225,2.8611846,1.0695213255014234e-268,1.4073255226174884e-265,0.8355555555555556,0.3465109735509285
0,ENSG00000198727,34.729866,2.7510283,2.7912214585904916e-264,3.4104738764749253e-261,0.9626666666666667,0.5991840180078785
0,ENSG00000158715,34.579914,3.4648993,5.0641701708316717e-262,5.775179662816438e-259,0.7982222222222223,0.2592853123241418
0,ENSG00000125257,34.55466,3.8936324,1.2131519753442206e-261,1.29701110563989e-258,0.7315555555555555,0.17149690489589195
0,ENSG00000157214,34.02587,3.4659374,9.233813432504172e-254,9.291388975083314e-251,0.768,0.2227068092290377
0,ENSG00000166165,34.020626,2.531676,1.1039392802170884e-253,1.0491102959663062e-250,0.896,0.4905740011254924
0,ENSG00000198938,33.93283,2.285019,2.185736200668128e-252,1.9678528130857368e-249,0.9964444444444445,0.8583286437816545
0,ENSG00000169100,33.465588,2.5982356,1.527186960224356e-245,1.3062030070798917e-242,0.8355555555555556,0.40869442881260554
1,ENSG00000089199,37.496384,8.164421,1.0549863320681347e-307,1.8046596196357514e-303,1.0,0.3848841723825547
1,ENSG00000180176,37.34779,8.912477,2.7537815060056244e-305,2.3553093220866107e-301,0.9940711462450593,0.13291057331435227
1,ENSG00000100604,37.033054,6.327206,3.365701806292149e-300,1.9191231699477832e-296,0.9980237154150198,0.5368189465510548
1,ENSG00000123454,34.66343,7.728329,2.8037817055849783e-263,1.1990372463934161e-259,0.9308300395256917,0.07622621974893232
1,ENSG00000141744,34.262062,7.58534,2.8840053981886592e-257,9.866759268283041e-254,0.9308300395256917,0.12191018506535525
1,ENSG00000185559,32.64424,4.7424707,9.671731747612684e-234,2.7574107212443764e-230,0.9644268774703557,0.39239031965834087
1,ENSG00000171951,31.931263,4.6116858,9.835013025288962e-224,2.4033961830084712e-220,0.9387351778656127,0.32794098615245243
1,ENSG00000164107,31.754192,6.96067,2.7791170803410594e-221,5.94244709703927e-218,0.8596837944664032,0.053837194253914845
1,ENSG00000103034,30.584496,4.5908694,1.9677638084723715e-205,3.7400630786364874e-202,0.8695652173913043,0.20046589879642812
1,ENSG00000080644,29.940458,5.802087,5.856874806250266e-197,1.0018770043571707e-193,0.8241106719367589,0.08153228937491912
1,ENSG00000102109,29.915003,3.8635473,1.2557215154529147e-196,1.9527611130306872e-193,0.9110671936758893,0.3578361589232561
1,ENSG00000143248,29.617344,6.039355,8.936018665251008e-193,1.2738294607315312e-189,0.8122529644268774,0.07493205642552091
1,ENSG00000008283,28.947388,4.1788588,3.0269539079051607e-184,3.983005657586591e-181,0.841897233201581,0.24718519477158019
1,ENSG00000164326,28.280579,6.3145356,5.990620667658116e-176,7.319682652925695e-173,0.8003952569169961,0.15025236184806523
1,ENSG00000050165,28.17006,5.1631393,1.3612471074763349e-174,1.5523662013660123e-171,0.7944664031620553,0.10430956386696001
1,ENSG00000120885,26.679758,3.6510406,8.085157831915585e-157,8.64404436704675e-154,0.8557312252964426,0.325740908502653
1,ENSG00000168268,26.430683,3.3583312,6.085048144909363e-154,6.122990209812914e-151,0.8359683794466403,0.3423061990423191
1,ENSG00000135916,26.055452,3.97872,1.1669724526245764e-149,1.109012820810889e-146,0.7845849802371542,0.20784262973987316
1,ENSG00000181195,25.99423,6.400905,5.754753216482508e-149,5.181095185323672e-146,0.717391304347826,0.06574349682929986
1,ENSG00000145198,25.920345,4.4217024,3.9281270698251596e-148,3.359727082821459e-145,0.766798418972332,0.21288986670117768
10,ENSG00000168542,30.670008,5.946767,1.4300603630107045e-206,2.4462612569661115e-202,0.8590225563909775,0.18984547461368653
10,ENSG00000108821,30.514418,5.3944807,1.6777996197750556e-204,1.435022014793605e-200,0.8778195488721805,0.2684067004285158
10,ENSG00000164692,25.161623,4.6592774,1.0544174391967559e-139,6.012288238299903e-136,0.731203007518797,0.14439683158031424
10,ENSG00000142173,24.550407,4.241121,4.281838317466045e-133,1.8311281564643542e-129,0.7462406015037594,0.2052980132450331
10,ENSG00000157227,22.49395,4.0362043,4.7570419237978985e-112,1.6274791829697372e-108,0.6691729323308271,0.17582132190624594
10,ENSG00000084636,21.93397,3.9319506,1.2319773876443022e-106,2.634275649130429e-103,0.6635338345864662,0.15361641345279833
10,ENSG00000142156,21.544771,3.3684142,5.927586472831451e-103,1.1266366022694978e-99,0.7105263157894737,0.3200883002207506
10,ENSG00000163359,20.701654,4.518421,3.3468164216321635e-95,5.725064170843979e-92,0.5958646616541353,0.08700168809245552
10,ENSG00000038427,20.645035,4.179255,1.0818432461760635e-94,1.6823645971897946e-91,0.6109022556390977,0.11297234125438255
10,ENSG00000106624,20.517529,4.1086736,1.501566195033316e-93,2.1404826110199923e-90,0.6109022556390977,0.12556810803791715
10,ENSG00000026025,20.330034,2.7488182,6.975357733269834e-92,9.178497645024137e-89,0.7424812030075187,0.4104661732242566
10,ENSG00000148848,18.867582,5.428364,2.1072057049593985e-79,2.252866299314717e-76,0.5131578947368421,0.03713803402155564
10,ENSG00000182492,18.616152,3.838401,2.3769454361744045e-77,2.2588904795110755e-74,0.5582706766917294,0.10128554733151539
10,ENSG00000116132,18.543943,4.631129,9.127627533649063e-77,8.217747188978993e-74,0.5244360902255639,0.06817296455005843
10,ENSG00000198363,17.441994,1.6947161,3.960160603875422e-68,3.2258336804710933e-65,0.7650375939849624,0.56940657057525
10,ENSG00000174348,17.210583,4.185207,2.2119281618996385e-66,1.7198746880661463e-63,0.5037593984962406,0.07700298662511362
10,ENSG00000106571,17.000128,3.3041327,8.194209657422672e-65,6.094354365211837e-62,0.5451127819548872,0.16517335410985587
10,ENSG00000113140,16.887548,2.2953954,5.556463018044784e-64,3.801954255466963e-61,0.6860902255639098,0.37865212310089597
10,ENSG00000154175,16.291618,5.5133924,1.1319315246599877e-59,7.447238715705289e-57,0.4417293233082707,0.027788598883261913
10,ENSG00000204681,16.068733,2.3206668,4.226338067962898e-58,2.677619962613827e-55,0.6090225563909775,0.2924295546032983
11,ENSG00000184012,40.41569,6.114506,0.0,0.0,0.8466593647316539,0.047540983606557376
11,ENSG00000115648,39.491444,3.607792,0.0,0.0,0.9693318729463308,0.39316939890710384
11,ENSG00000120129,37.445103,3.9782584,7.216183019344778e-307,4.114667557630393e-303,0.9211391018619934,0.3655737704918033
11,ENSG00000177694,36.061363,4.1535354,9.152230023829136e-285,3.9139511696905305e-281,0.8225629791894852,0.15382513661202185
11,ENSG00000167034,34.6636,3.7920454,2.7868983928322718e-263,9.534536781557768e-260,0.8466593647316539,0.24098360655737705
11,ENSG00000134758,34.65005,3.4252987,4.45879016964968e-263,1.2712010773671238e-259,0.882803943044907,0.3058743169398907
11,ENSG00000130653,34.48258,3.0714371,1.4635933459136164e-260,3.576603967885475e-257,0.8926615553121577,0.32786885245901637
11,ENSG00000135373,34.3349,3.5397089,2.366530841677963e-258,5.060234572217905e-255,0.8411829134720701,0.19275956284153006
11,ENSG00000126562,34.048973,4.3357987,4.2031867067430445e-254,7.988856867282946e-251,0.7590361445783133,0.09549180327868853
11,ENSG00000167749,33.551575,3.6191435,8.539181532963925e-247,1.460712393028809e-243,0.8521358159912377,0.24576502732240438
11,ENSG00000236699,32.893703,3.064061,2.70432772610732e-237,4.205475462071983e-234,0.8926615553121577,0.30655737704918035
11,ENSG00000103534,32.85505,3.3506846,9.647642718349757e-237,1.375271469500758e-233,0.8576122672508215,0.20341530054644807
11,ENSG00000083307,32.774715,3.4987903,1.3499937259008634e-235,1.77638405194309e-232,0.7951807228915663,0.1448087431693989
11,ENSG00000130940,32.494503,2.8277009,1.2750116949082514e-231,1.5578821466500394e-228,0.9025191675794085,0.3255464480874317
11,ENSG00000142515,32.49208,3.305267,1.3795011801371814e-231,1.5731831458284416e-228,0.9430449069003286,0.5561475409836065
11,ENSG00000086205,32.427254,3.5095575,1.1336097947396958e-230,1.2119705718010772e-227,0.8094194961664841,0.19726775956284154
11,ENSG00000109906,32.185467,2.7351315,2.819137039234756e-227,2.8367151878323376e-224,0.9266155531215772,0.4192622950819672
11,ENSG00000167751,32.174877,3.672221,3.964907289274762e-227,3.7679835605741154e-224,0.9572836801752465,0.6493169398907104
11,ENSG00000154447,31.606258,3.1845703,3.029006890292178e-219,2.7270627297546317e-216,0.791894852135816,0.2069672131147541
11,ENSG00000189060,31.365023,2.9295356,6.071213555444423e-216,5.192708953971615e-213,0.8565169769989047,0.34030054644808744
12,ENSG00000204388,14.488456,6.5240054,1.4332896455080606e-47,2.4517852676060888e-43,0.9868421052631579,0.3329655510604389
12,ENSG00000132002,13.818408,5.9630294,1.973858612813058e-43,1.6882412715390087e-39,0.9605263157894737,0.24494299374770137
12,ENSG00000080824,13.783959,5.384034,3.183236772488105e-43,1.8150816076727176e-39,0.9605263157894737,0.3995341424543337
12,ENSG00000106211,13.544804,5.354188,8.504066678967958e-42,3.6367641152606474e-38,0.9605263157894737,0.42589187201176903
12,ENSG00000112715,12.39087,3.5115805,2.928495246955151e-35,1.0018967938882964e-31,0.9605263157894737,0.611989702096359
12,ENSG00000109046,11.211651,2.6677687,3.574646190066016e-29,1.0191316287878212e-25,0.9605263157894737,0.7750398430795635
12,ENSG00000120694,10.816008,4.7201037,2.8909796180422237e-27,7.039976643912479e-24,0.7894736842105263,0.2590413142086551
12,ENSG00000204389,10.571761,4.0624366,4.0285685518031925e-26,7.656965960793934e-23,0.8289473684210527,0.29778104695353685
12,ENSG00000115548,9.662873,3.3603358,4.335292982466447e-22,7.415952175807105e-19,0.7763157894736842,0.3439990192472723
12,ENSG00000007168,9.192999,2.2707705,3.8203775271244264e-20,5.44594816491587e-17,0.8421052631578947,0.594090964815496
12,ENSG00000115541,8.561571,3.2709136,1.1134011163209793e-17,1.2697226330524449e-14,0.7105263157894737,0.3079563565036165
12,ENSG00000169136,8.144473,2.6333144,3.809375138780853e-16,3.620176173554737e-13,0.7763157894736842,0.4001471129091578
12,ENSG00000111674,7.9846883,2.2872496,1.4087758459327765e-15,1.2049259810263039e-12,0.7894736842105263,0.5155081525070492
12,ENSG00000100591,7.800952,2.5173821,6.144180243131069e-15,5.004873678047622e-12,0.6973684210526315,0.3796738997180336
12,ENSG00000122884,7.4657226,3.2926922,8.284382228502015e-14,6.161419234815455e-11,0.618421052631579,0.2388132891994606
12,ENSG00000104419,7.1756086,2.6892815,7.19862411536059e-13,4.5607283006428987e-10,0.6710526315789473,0.4137550570062523
12,ENSG00000133706,6.9938846,2.118604,2.6737792907976116e-12,1.5771609844270326e-09,0.6842105263157895,0.4361897756528135
12,ENSG00000166471,6.9839206,2.1699252,2.8705437174576853e-12,1.6367840276943722e-09,0.6842105263157895,0.46132156430060073
12,ENSG00000152795,6.9399924,1.2497356,3.921205096312415e-12,2.1637462702425863e-09,0.8421052631578947,0.7401005271545912
12,ENSG00000083896,6.920453,2.0348144,4.5020206482716075e-12,2.4066114127916912e-09,0.6973684210526315,0.469780556577173
13,ENSG00000176165,20.30596,5.344676,1.1389788939265472e-91,1.9483372959507517e-87,0.8486238532110092,0.13611977542108547
13,ENSG00000124766,16.303782,3.0727115,9.276972812724368e-60,7.934594846723152e-56,0.8394495412844036,0.44092326887086714
13,ENSG00000141433,16.08559,4.991718,3.2197224776932885e-58,1.835885756780713e-54,0.6834862385321101,0.08970679975046787
13,ENSG00000166165,15.939266,2.6391985,3.3830180478840017e-57,1.4467476681775934e-53,0.8623853211009175,0.5373674360573923
13,ENSG00000100314,15.272603,4.014696,1.1643169119362907e-52,3.474409186233188e-49,0.7018348623853211,0.1671865252651279
13,ENSG00000173404,15.269628,3.1429102,1.2186633413655516e-52,3.474409186233188e-49,0.7889908256880734,0.3422333125389894
13,ENSG00000162992,13.8709,6.301166,9.507561719613663e-44,2.3233764396530192e-40,0.5642201834862385,0.02383031815346226
13,ENSG00000179915,13.854222,2.7381566,1.1994943696127266e-43,2.564818835824413e-40,0.8165137614678899,0.3223955084217093
13,ENSG00000242265,13.627683,3.083658,2.7414630031154222e-42,5.210607347921379e-39,0.7110091743119266,0.33462258265751715
13,ENSG00000063015,13.131602,3.3228846,2.170157255619743e-39,3.712271001463132e-36,0.6376146788990825,0.19226450405489706
13,ENSG00000117632,12.194689,3.1145492,3.3176858933303896e-34,5.15930317193724e-31,0.6055045871559633,0.2017467248908297
13,ENSG00000205542,12.1328125,1.5421015,7.077627349331479e-34,1.0089157786472024e-30,0.8715596330275229,0.7560823456019963
13,ENSG00000196405,11.981161,1.7161406,4.460346597616029e-33,5.8691299152938296e-30,0.8027522935779816,0.6209606986899563
13,ENSG00000080824,11.576834,2.4188707,5.4004342380087354e-31,5.132212670854301e-28,0.6788990825688074,0.3972551466001248
13,ENSG00000163618,11.479073,2.1873293,1.680734905585061e-30,1.5131921734177922e-27,0.7018348623853211,0.39039301310043667
13,ENSG00000188175,11.358135,3.2203295,6.757143282094222e-30,5.504175856357322e-27,0.555045871559633,0.14934497816593886
13,ENSG00000152784,10.815225,3.66522,2.9157708065744608e-27,2.1685728442288142e-24,0.5045871559633027,0.11316281971303806
13,ENSG00000136928,10.785377,5.6516886,4.035862622569835e-27,2.8765610842366502e-24,0.44495412844036697,0.02744853399875234
13,ENSG00000152217,10.720597,1.9001135,8.14751118434868e-27,5.57485305277874e-24,0.7064220183486238,0.4361821584529008
13,ENSG00000100941,10.468701,1.6979436,1.2028130583684192e-25,7.348328634446492e-23,0.7247706422018348,0.5427323767935122
14,ENSG00000154358,14.773804,4.963567,2.161611308601318e-49,3.6976523044934146e-45,0.76,0.18409006556971422
14,ENSG00000102287,13.245501,5.801778,4.79079685752104e-40,4.097568552237746e-36,0.66,0.06878634170481257
14,ENSG00000221869,12.2966,3.0083032,9.44665512850063e-35,5.38648275427106e-31,0.7733333333333333,0.4544104911542744
14,ENSG00000265972,12.207377,2.4469962,2.838923302938494e-34,1.214065550501647e-30,0.8266666666666667,0.6676976370159594
14,ENSG00000111676,10.988625,1.5342228,4.334805356747226e-28,1.483023608650361e-24,0.82,0.7206482741556353
14,ENSG00000162496,10.968794,3.8969302,5.398792805829348e-28,1.5391958289419471e-24,0.6133333333333333,0.2071013237659285
14,ENSG00000185650,10.661167,3.083945,1.5464457253076136e-26,3.779071511016006e-23,0.68,0.34751948533960164
14,ENSG00000137699,10.571788,3.8970258,4.0274227779831985e-26,8.611636755022575e-23,0.58,0.1572435976741309
14,ENSG00000162591,10.3137045,3.571716,6.109957511975508e-25,1.1612992577761447e-21,0.5933333333333334,0.19757515773846343
14,ENSG00000074527,10.100797,3.7125354,5.479526911267479e-24,7.811065612011792e-21,0.58,0.210441667697637
14,ENSG00000109906,9.909904,2.2152667,3.7700899114211954e-23,4.6065112874836406e-20,0.7133333333333334,0.471112210812817
14,ENSG00000131746,9.573778,6.8594646,1.030683155445788e-21,1.1019291285659782e-18,0.4666666666666667,0.0190523320549301
14,ENSG00000167615,9.346829,0.9677415,9.031473844705918e-21,8.58291064375219e-18,0.8933333333333333,0.8814796486453049
14,ENSG00000132849,8.990872,1.6503646,2.452751263668656e-19,1.907125596196183e-16,0.7266666666666667,0.5969318322405047
14,ENSG00000142973,8.427105,5.640678,3.543233616605441e-17,2.0900191119190577e-14,0.42,0.02833106519856489
14,ENSG00000106571,8.198612,3.1319134,2.431780700633241e-16,1.3418722795171684e-13,0.5066666666666667,0.18384263268588397
14,ENSG00000138119,7.855934,3.5295303,3.968028839136941e-15,1.5785372400529422e-12,0.4533333333333333,0.1244587405666213
14,ENSG00000120549,7.4789157,2.2499123,7.493819203378068e-14,2.0347503379838926e-11,0.54,0.336508722009155
14,ENSG00000198467,7.1909647,1.942583,6.433515320918446e-13,1.5075577134196021e-10,0.58,0.3965111963379933
14,ENSG00000146648,7.136533,3.3169644,9.57144808085902e-13,2.117961386765782e-10,0.43333333333333335,0.14969689471730793
2,ENSG00000073060,53.219597,6.601105,0.0,0.0,0.9964570416297609,0.3540259009009009
2,ENSG00000231852,52.96408,7.076492,0.0,0.0,0.9964570416297609,0.26998873873873874
2,ENSG00000160882,52.78769,8.171765,0.0,0.0,0.9937998228520815,0.25182995495495497
2,ENSG00000023171,52.49409,6.626225,0.0,0.0,0.9884853852967228,0.15287162162162163
2,ENSG00000147465,51.740044,6.5754337,0.0,0.0,0.9982285208148804,0.28110923423423423
2,ENSG00000148795,50.686596,6.2084193,0.0,0.0,0.9964570416297609,0.27646396396396394
2,ENSG00000116133,50.577698,4.9319534,0.0,0.0,0.9884853852967228,0.3627533783783784
2,ENSG00000130164,50.177547,5.368034,0.0,0.0,0.9663418954827281,0.23310810810810811
2,ENSG00000085662,50.055965,5.1575456,0.0,0.0,0.9822852081488043,0.28716216216216217
2,ENSG00000137714,49.61315,5.589304,0.0,0.0,0.9627989371124889,0.17806869369369369
2,ENSG00000215187,49.533978,6.206944,0.0,0.0,0.9424269264836138,0.0990990990990991
2,ENSG00000140459,48.901775,5.595837,0.0,0.0,0.9495128432240921,0.12922297297297297
2,ENSG00000198300,48.562737,5.272596,0.0,0.0,0.9433126660761736,0.16385135135135134
2,ENSG00000005981,48.28583,6.0234785,0.0,0.0,0.9247121346324181,0.0736204954954955
2,ENSG00000170899,48.071697,5.01547,0.0,0.0,0.9326837909654562,0.22297297297297297
2,ENSG00000023330,47.653057,4.6158834,0.0,0.0,0.9468556244464128,0.31756756756756754
2,ENSG00000161513,47.59908,5.340549,0.0,0.0,0.9202834366696191,0.13443130630630631
2,ENSG00000008394,46.43502,5.16035,0.0,0.0,0.9131975199291408,0.13499436936936937
2,ENSG00000203859,46.43484,5.416452,0.0,0.0,0.9459698848538529,0.20411036036036037
2,ENSG00000142494,45.86745,5.836515,0.0,0.0,0.8795394154118689,0.07376126126126126
3,ENSG00000172889,25.792948,7.130649,1.0638925091732988e-146,1.819894526191845e-142,0.9536679536679536,0.13268121394532228
3,ENSG00000130300,22.724422,7.391956,2.5699103074965808e-114,2.1980442860018258e-110,0.8416988416988417,0.05605718585402558
3,ENSG00000163513,21.218721,4.5892844,6.414465140913896e-100,3.657528023349104e-96,0.8571428571428571,0.21043391020817656
3,ENSG00000179776,20.72804,7.0053368,1.9351090712713772e-95,8.275493943292045e-92,0.7683397683397684,0.030975670930524203
3,ENSG00000037280,20.652637,7.9305573,9.243270171938388e-95,3.1623075912235615e-91,0.7606177606177607,0.02094306496112365
3,ENSG00000141753,20.162409,4.3852754,2.0943641337879137e-90,5.971032145429343e-87,0.8378378378378378,0.218459994983697
3,ENSG00000174640,20.109558,6.296477,6.086292518787112e-90,1.487315997519605e-86,0.7567567567567568,0.06659142212189616
3,ENSG00000162407,20.085012,5.182555,9.979662908576401e-90,2.133901421426349e-86,0.7953667953667953,0.19413092550790068
3,ENSG00000164056,20.070696,5.811197,1.3312934069370634e-89,2.5303450021183785e-86,0.7722007722007722,0.10358665663406069
3,ENSG00000261371,19.85166,5.7320466,1.0662020405906542e-87,1.823845210634373e-84,0.7567567567567568,0.05342362678705794
3,ENSG00000142798,19.61557,4.231855,1.1385285888517253e-85,1.7705154582634192e-82,0.7953667953667953,0.2076749435665914
3,ENSG00000169744,19.370024,6.570464,1.3819353191245366e-83,1.969948797412027e-80,0.722007722007722,0.0346124905944319
3,ENSG00000102755,19.356874,7.1209464,1.7838538111371526e-83,2.3472771764086255e-80,0.7181467181467182,0.025959367945823927
3,ENSG00000106991,19.3176,5.1352367,3.8200766461791624e-83,4.6675879363957686e-80,0.752895752895753,0.09255079006772009
3,ENSG00000116016,18.76521,4.237981,1.4542310470511157e-78,1.6584050860570923e-75,0.7683397683397684,0.17168296965136695
3,ENSG00000127329,18.63446,6.1917334,1.688485367825597e-77,1.8052019188765418e-74,0.6988416988416989,0.035490343616754454
3,ENSG00000148180,18.390017,3.5796373,1.5793232239732122e-75,1.5891707687815155e-72,0.8108108108108109,0.3111361926260346
3,ENSG00000113140,18.069386,3.3291948,5.5528093463682474e-73,5.2770198154986243e-70,0.8571428571428571,0.3836217707549536
3,ENSG00000142192,17.812777,2.34602,5.624984133778425e-71,5.06426203117967e-68,0.9034749034749034,0.6255329821921244
3,ENSG00000163453,17.667894,3.9801302,7.411193731116606e-70,6.338793998224033e-67,0.7567567567567568,0.18886380737396538
4,ENSG00000142173,30.883875,4.4852104,1.9667326479381398e-209,3.364292867562982e-205,0.8666666666666667,0.18968233132055656
4,ENSG00000134871,27.513794,4.115629,1.200664986035685e-166,1.0269287625563215e-162,0.775609756097561,0.19663953793646627
4,ENSG00000108821,26.783037,3.8430948,5.093478008135899e-158,2.90430116023909e-154,0.8341463414634146,0.2652927277500656
4,ENSG00000182326,25.884665,4.0776286,9.911808937710607e-148,4.238785092211941e-144,0.7154471544715447,0.17432396954581256
4,ENSG00000163453,25.613539,4.29007,1.0780386799435991e-144,3.6881859318230415e-141,0.7089430894308943,0.16618535048569177
4,ENSG00000159403,25.538485,4.034199,7.371846488794976e-144,2.101713433955448e-140,0.7121951219512195,0.1845628773956419
4,ENSG00000122786,25.377642,2.6773307,4.4526982332981544e-142,1.0881122282685461e-138,0.8406504065040651,0.47479653452349696
4,ENSG00000142156,25.355288,3.211692,7.857407539729992e-142,1.6801101671827657e-138,0.8032520325203252,0.3083486479390916
4,ENSG00000111341,24.315271,3.9231744,1.3515638086303672e-130,2.5688722789367843e-127,0.7121951219512195,0.2648989236019953
4,ENSG00000164692,23.32741,3.8447948,2.33720599502181e-120,3.998024575084308e-117,0.6796747967479675,0.14216329745339984
4,ENSG00000141753,23.254383,3.6813917,1.2844691419282593e-119,1.9974662856204366e-116,0.6878048780487804,0.20162772381202415
4,ENSG00000149591,22.583838,3.6200392,6.248086335915713e-113,8.906647071847849e-110,0.6682926829268293,0.23759516933578367
4,ENSG00000168542,22.507769,3.429199,3.48365954205996e-112,4.583960009729052e-109,0.7138211382113822,0.19427671304804411
4,ENSG00000011465,22.07745,4.3286405,5.206448023549867e-108,6.36153570648886e-105,0.6032520325203252,0.11275925439747965
4,ENSG00000106624,21.988647,3.7348795,3.69848412357232e-107,4.217751294521874e-104,0.6276422764227643,0.11892885271724862
4,ENSG00000187498,21.047691,3.7133918,2.4009736252045032e-98,2.5446391152403887e-95,0.6113821138211382,0.1513520609083749
4,ENSG00000103196,21.04523,4.0684967,2.5288708616325623e-98,2.5446391152403887e-95,0.5886178861788618,0.1260173273825151
4,ENSG00000148180,21.0374,2.804103,2.9829574681249836e-98,2.834803913874776e-95,0.7040650406504065,0.296403255447624
4,ENSG00000026025,20.903877,2.4755123,4.93672922555147e-97,4.444615270120181e-94,0.7739837398373983,0.4043055920189026
4,ENSG00000077942,20.158657,3.5408409,2.2593020887914202e-90,1.932381076543302e-87,0.5869918699186992,0.14505119453924914
5,ENSG00000121966,17.6422,5.309491,1.1682356354716343e-69,1.9983838780377777e-65,0.847953216374269,0.24745720664847431
5,ENSG00000106948,14.437427,3.8578787,3.0086731779463668e-47,2.5733181690975278e-43,0.7485380116959064,0.2725130240635078
5,ENSG00000185811,14.381081,5.999886,6.802422978177045e-47,3.878741582156552e-43,0.6666666666666666,0.0507318283304391
5,ENSG00000115165,14.341007,6.284491,1.2128208659154264e-46,5.186628433087321e-43,0.6608187134502924,0.03820391962292235
5,ENSG00000076928,14.147243,2.9528134,1.9422568459816472e-45,6.644849121472412e-42,0.8070175438596491,0.48635574299181344
5,ENSG00000153283,13.198332,7.6268783,8.970002162655369e-40,2.5573476165730458e-36,0.5964912280701754,0.015876953609526172
5,ENSG00000167895,13.024676,6.0995255,8.857630321171518e-39,2.1645517753422857e-35,0.6023391812865497,0.039568345323741004
5,ENSG00000115935,12.753626,4.0584874,2.9757564702691992e-37,6.362911272553116e-34,0.6491228070175439,0.15033490449020095
5,ENSG00000180096,12.597333,5.9654837,2.1840588117285504e-36,4.1511677814920644e-33,0.5847953216374269,0.044902009426941204
5,ENSG00000075884,12.390839,5.109556,2.9296370003144744e-35,4.5558518661254e-32,0.5906432748538012,0.05668568593401141
5,ENSG00000133639,12.157001,2.8961973,5.265687141627081e-34,7.506237020389405e-31,0.7251461988304093,0.44852393946911434
5,ENSG00000152518,12.015452,3.1318858,2.9475267284079777e-33,3.878491708934374e-30,0.7076023391812866,0.34259488960555695
5,ENSG00000172673,11.948929,8.165987,6.576705353929819e-33,8.035794413165963e-30,0.5380116959064327,0.009178863805507318
5,ENSG00000102879,11.772462,5.1386933,5.412193002118046e-32,6.17206489961542e-29,0.5614035087719298,0.06412800793847681
5,ENSG00000048740,11.253934,3.416042,2.2148849515707417e-29,2.3679888738480695e-26,0.6140350877192983,0.18444554701066732
5,ENSG00000069493,11.234052,3.5480046,2.7745704365209336e-29,2.7918706992427695e-26,0.6081871345029239,0.20044653932026793
5,ENSG00000134516,11.090227,4.3026466,1.3993139587677935e-28,1.3298146988156597e-25,0.5497076023391813,0.06846936244108162
5,ENSG00000111276,11.051829,3.16537,2.147937947455952e-28,1.93382244890429e-25,0.631578947368421,0.26581493425948893
5,ENSG00000116824,10.976641,7.4168253,4.949877670892662e-28,4.032028925632851e-25,0.49707602339181284,0.012279831307367898
5,ENSG00000213809,10.903827,7.0115027,1.105096113203434e-27,8.592624596571791e-25,0.49707602339181284,0.018357727611014635
6,ENSG00000177575,32.165092,8.031912,5.433766628690428e-227,9.295001195037846e-223,0.9649122807017544,0.11156497319377075
6,ENSG00000166927,30.372303,8.069624,1.275556085036133e-202,1.0909831195314046e-198,0.9122807017543859,0.05246362011743681
6,ENSG00000010327,29.213196,7.295117,1.3183918988759486e-187,7.51747060739066e-184,0.8897243107769424,0.11092672964003064
6,ENSG00000130066,28.690588,4.1837,4.999835485121637e-181,2.1381796452122684e-177,0.974937343358396,0.5828440132754659
6,ENSG00000110077,26.645922,7.3164005,1.9954708809881892e-156,6.826904978036793e-153,0.8045112781954887,0.04544294102629563
6,ENSG00000182578,26.061201,7.020696,1.004361064017076e-149,2.863433393512684e-146,0.7869674185463659,0.04633648200153179
6,ENSG00000018280,25.275896,7.3254313,5.88150851545427e-141,1.437272638076582e-137,0.7644110275689223,0.04518764360479959
6,ENSG00000038945,23.84958,6.9973583,1.0228446921474027e-125,2.1870976629841838e-122,0.7218045112781954,0.03791166709216237
6,ENSG00000164733,23.676224,4.7050223,6.339104620707028e-124,1.2048524849090492e-120,0.7694235588972431,0.21266275210620372
6,ENSG00000178573,23.46522,4.163703,9.244241509524563e-122,1.581319952619272e-118,0.7944862155388471,0.2734235384222619
6,ENSG00000100979,23.227398,5.600018,2.4076739790639476e-119,3.7441519168970804e-116,0.731829573934837,0.12394689813632882
6,ENSG00000137491,23.099493,6.6202726,4.684612230577272e-118,6.677914734687902e-115,0.7017543859649122,0.04263466938983916
6,ENSG00000004799,22.579443,3.6195576,6.901188448318322e-113,9.080902276687171e-110,0.8295739348370927,0.4100076589226449
6,ENSG00000180353,22.506805,5.4532733,3.5601481127763193e-112,4.349992401225123e-109,0.7042606516290727,0.08309931069696196
6,ENSG00000184060,22.279348,6.409271,5.860429583867908e-110,6.683233897442962e-107,0.6791979949874687,0.04237937196834312
6,ENSG00000105609,22.166893,6.569113,7.169056567268101e-109,7.664617602480509e-106,0.6766917293233082,0.047995915241256064
6,ENSG00000122862,22.11736,5.407267,2.1515692940173934e-108,2.16498496138009e-105,0.6992481203007519,0.08897115139137095
6,ENSG00000104870,21.720205,4.5145626,1.3218685865644827e-104,1.2562157800984466e-101,0.7117794486215538,0.18675006382435538
6,ENSG00000019582,21.70101,4.472621,2.0070814908990323e-104,1.8070071570167813e-101,0.7418546365914787,0.24495787592545315
6,ENSG00000146192,21.102007,6.3039055,7.62319494350339e-99,6.52011863517845e-96,0.6441102756892231,0.04008169517487874
7,ENSG00000048540,28.42006,4.2813525,1.142897706071261e-177,1.9550408160054993e-173,0.8656126482213439,0.2257020836029507
7,ENSG00000179915,28.22155,3.797201,3.1814829805475245e-175,2.721122393262298e-171,0.9150197628458498,0.2975281480522842
7,ENSG00000169855,26.469383,3.2169983,2.1831315823443545e-154,1.244821628252751e-150,0.8913043478260869,0.3908373236702472
7,ENSG00000196776,26.426243,2.8102124,6.843901009172949e-154,2.926794266572812e-150,0.9011857707509882,0.5212889866701178
7,ENSG00000078699,25.874714,2.8718677,1.28282518793949e-147,4.3888015329785833e-144,0.8992094861660079,0.5624433803546007
7,ENSG00000154277,25.510292,2.877237,1.5154976509974133e-143,4.320683802993626e-140,0.9624505928853755,0.5277598032871749
7,ENSG00000153721,25.141693,3.2148147,1.742091000239384e-139,4.257172664299272e-136,0.8794466403162056,0.3556360812734567
7,ENSG00000105426,24.822594,2.4043627,5.113214123265465e-136,1.093333009907238e-132,0.9090909090909091,0.5693024459686813
7,ENSG00000144485,23.46236,3.3629446,9.886688643818232e-122,1.8791299549017185e-118,0.7786561264822134,0.2640093179759286
7,ENSG00000139352,22.502903,3.2780938,3.887639539100211e-112,6.650196195584821e-109,0.7905138339920948,0.27293904490746734
7,ENSG00000016082,21.918852,4.4920115,1.717357748391416e-106,2.670647422180324e-103,0.6383399209486166,0.09589750226478581
7,ENSG00000155511,21.445812,4.233722,4.996640004543947e-102,7.122710326477396e-99,0.6304347826086957,0.09628575126180924
7,ENSG00000124766,21.130083,2.622522,4.2080980583682454e-99,5.537209645111323e-96,0.8122529644268774,0.4278503947198136
7,ENSG00000067057,20.920607,2.4710987,3.476630742881592e-97,4.2479461062666084e-94,0.7984189723320159,0.40623786721884303
7,ENSG00000173404,20.665182,2.7777364,7.128906652482384e-95,8.129805146490911e-92,0.7747035573122529,0.32651740649669986
7,ENSG00000130147,20.35923,2.5487757,3.845767810744527e-92,4.111606510662243e-89,0.7569169960474308,0.3417885337129546
7,ENSG00000072832,19.543259,2.7719023,4.7078372667990604e-85,4.737192016815572e-82,0.6837944664031621,0.2431732884690048
7,ENSG00000171316,19.5218,2.3689086,7.166908786478053e-85,6.810952316749643e-82,0.7529644268774703,0.3590009059143264
7,ENSG00000137942,19.502455,2.1911726,1.046384350175967e-84,9.420763523215839e-82,0.766798418972332,0.42797981105215477
7,ENSG00000183049,19.242752,2.67995,1.6235393577944224e-82,1.3886132127215695e-79,0.6936758893280632,0.26530348129933995
8,ENSG00000137804,37.132214,5.639361,8.490978574224908e-302,1.4524667949069128e-297,0.9278996865203761,0.14272547728768928
8,ENSG00000122966,32.87594,5.413902,4.852647120883919e-237,3.346031044539905e-233,0.8244514106583072,0.08281764318630679
8,ENSG00000013810,32.870163,4.9031763,5.868170895369878e-237,3.346031044539905e-233,0.8448275862068966,0.12363396971691902
8,ENSG00000122952,32.413925,4.718048,1.7470151774549782e-230,7.471110406386215e-227,0.841692789968652,0.12547728768926925
8,ENSG00000131747,30.20291,5.585775,2.1691276171089556e-200,7.42101940365316e-197,0.7554858934169278,0.06333113890717577
8,ENSG00000146918,29.532389,4.0928183,1.1055401910008337e-191,3.151895084543377e-188,0.7915360501567398,0.17748518762343646
8,ENSG00000123485,29.227291,5.552675,8.729016751929347e-188,2.1331222936929062e-184,0.7288401253918495,0.05740618828176432
8,ENSG00000148773,29.173244,4.3288136,4.238141087043462e-187,9.062205179370683e-184,0.7727272727272727,0.1304805793285056
8,ENSG00000011426,29.133043,5.2924943,1.3700774275004578e-186,2.6040604972025367e-183,0.7304075235109718,0.06254114549045425
8,ENSG00000106462,28.77415,3.45408,4.5184013164367955e-182,7.729177291896783e-179,0.822884012539185,0.2596445029624753
8,ENSG00000198901,28.643171,4.5326996,1.9498867462267568e-180,3.0322511528140816e-177,0.7445141065830722,0.10414746543778802
8,ENSG00000164104,28.582203,3.3312008,1.1182383363682802e-179,1.5940487484929834e-176,0.8385579937304075,0.297432521395655
8,ENSG00000151725,28.212635,4.3943777,4.0925786539101485e-175,5.385203881060538e-172,0.7413793103448276,0.11507570770243582
8,ENSG00000035499,27.803995,5.116465,3.881177820787431e-170,4.742244843027843e-167,0.700626959247649,0.06477946017116525
8,ENSG00000113810,27.74934,3.7637436,1.7747228098960212e-169,1.9102438256418107e-166,0.7617554858934169,0.19420671494404212
8,ENSG00000137807,27.749098,5.3515997,1.7867357190616726e-169,1.9102438256418107e-166,0.6959247648902821,0.06161948650427913
8,ENSG00000151503,27.129217,3.1867573,4.454113401662402e-162,4.48188610875512e-159,0.7946708463949843,0.29664252797893353
8,ENSG00000237649,26.79175,5.0384936,4.031940042328866e-158,3.831687020226532e-155,0.6755485893416928,0.05859117840684661
8,ENSG00000140525,26.65529,4.327578,1.554012887701516e-156,1.3991023398432701e-153,0.7021943573667712,0.11270572745227123
8,ENSG00000109805,26.607573,5.3285747,5.547907515320108e-156,4.745125297853289e-153,0.664576802507837,0.04884792626728111
9,ENSG00000184489,36.45699,3.3948593,5.3312312238520655e-291,9.119604131521343e-287,0.8945783132530121,0.4290451844687025
9,ENSG00000154277,33.128963,2.835747,1.1379670840637159e-240,9.733032469996962e-237,0.9226907630522089,0.503799917092718
9,ENSG00000109046,31.878387,2.0057657,5.322669161296869e-223,3.034985955771475e-219,0.9397590361445783,0.7543180876053613
9,ENSG00000198883,31.40023,3.531863,2.0087843731273562e-216,8.59056637167914e-213,0.7449799196787149,0.2261987011192483
9,ENSG00000153721,31.352959,3.081773,8.866347032288911e-216,3.0333546466866824e-212,0.8182730923694779,0.32858919441757634
9,ENSG00000272398,29.610582,2.3439562,1.0919440590293046e-192,3.1131325122925474e-189,0.8514056224899599,0.5372391875086362
9,ENSG00000108848,29.42264,1.6087304,2.819544128586646e-190,6.890160266229024e-187,0.9668674698795181,0.8035097416056377
9,ENSG00000139352,28.849897,3.255986,5.082002148469472e-183,1.086659109396485e-179,0.7449799196787149,0.24416194555755147
9,ENSG00000129158,28.58977,2.9313796,9.005007231749971e-180,1.7115517078479446e-176,0.7389558232931727,0.3748790935470499
9,ENSG00000175426,27.44894,3.3897746,7.153087454473234e-166,1.2236071399621916e-162,0.6686746987951807,0.20906452950117452
9,ENSG00000166959,26.089695,2.8124592,4.772605463756388e-150,6.803349088584731e-147,0.6927710843373494,0.27718667956335497
9,ENSG00000179915,25.833187,2.6344264,3.759563186488213e-147,4.9470067590821055e-144,0.7600401606425703,0.27704850075998344
9,ENSG00000006611,25.556522,3.1159406,4.646503437983423e-144,4.9676929881340274e-141,0.6214859437751004,0.17106535857399474
9,ENSG00000134443,25.54381,3.2584665,6.432766084675463e-144,6.472876273203439e-141,0.6465863453815262,0.1953848279673898
9,ENSG00000169855,25.466848,2.3912554,4.594036599758348e-143,4.365866115303683e-140,0.748995983935743,0.37653723918750864
9,ENSG00000078699,25.047482,1.9863049,1.8597287653014046e-138,1.674343171539254e-135,0.8283132530120482,0.5493989222053337
9,ENSG00000111319,24.286518,2.8473055,2.7215247869023517e-130,2.2168763335596013e-127,0.6214859437751004,0.20187923172585326
9,ENSG00000178031,23.28379,2.8285065,6.471164039865903e-120,4.812857915910702e-117,0.6094377510040161,0.22827138316982176
9,ENSG00000134769,23.146662,2.2099557,1.5707952987200375e-118,1.0748009751961984e-115,0.6947791164658634,0.34710515406936576
9,ENSG00000100505,22.988258,2.532009,6.109082276298077e-117,4.019306208398266e-114,0.6265060240963856,0.2396020450462899
